year,canton,mppa_a,mppa_b,mppa_c,mppa_d,mppa_e,hm_a,hm_b,hm_c,hm_d,hm_e,tot_a,tot_b,tot_c,tot_d,tot_e
2006,ZH,,6.3,8.5,14.8,.2,44.7,7226.9,4570.9,11842.6,70.3,44.7,7233.2,4579.4,11857.4,70.5
2006,BE,,,,,,16.6,7341,4140.3,11497.9,65.7,16.6,7341,4140.3,11497.9,65.7
2006,LU,,9.6,13.2,22.8,,2.8,2622.8,1330.6,3956.2,14.2,2.8,2632.4,1343.8,3979,14.2
2006,UR,,10.3,10.5,20.8,,,251.8,102.6,354.5,1.7,,262.1,113.1,375.3,1.7
2006,SZ,,,,,,,709.1,439.6,1148.7,7.4,,709.1,439.6,1148.7,7.4
2006,OW,,,,,,,220.3,137.8,358.2,2,,220.3,137.8,358.2,2
2006,NW,,12.9,5.9,18.8,,,199,115.2,314.2,1,,211.9,121.1,333,1
2006,GL,,111.1,61.7,172.7,.5,,115.8,83,198.8,1,,226.8,144.7,371.5,1.5
2006,ZG,,,,,,1.2,455.5,290.5,747.2,7.7,1.2,455.5,290.5,747.2,7.7
2006,FR,,44.8,68.40000000000001,113.2,16.7,1.3,1771.1,724.2,2496.6,2.6,1.3,1815.9,792.6,2609.8,19.2
2006,SO,,,,,,,1313.5,756.5,2070,8.4,,1313.5,756.5,2070,8.4
2006,BS,,,,,,,1714.7,589,2303.7,5.1,,1714.7,589,2303.7,5.1
2006,BL,,13.2,12.9,26.1,,1.5,1396.9,701.8,2100.2,3,1.5,1410.1,714.7,2126.3,3
2006,SH,,,,,,,555.7,350.1,905.8,6.4,,555.7,350.1,905.8,6.4
2006,AR,,77.3,58,135.3,.2,,287.7,197,484.7,2.4,,365,255,620,2.6
2006,AI,,28.9,37.8,66.7,.9,,,,,,,28.9,37.8,66.7,.9
2006,SG,,56.5,49.7,106.2,.7,.5,2573,1386.5,3959.9,17.6,.5,2629.5,1436.2,4066.2,18.3
2006,GR,,,,,,2,1176.8,653.9,1832.6,6.5,2,1176.8,653.9,1832.6,6.5
2006,AG,,153,59.1,212.1,.9,3.6,2471.2,1350.7,3825.5,19.4,3.6,2624.2,1409.8,4037.6,20.3
2006,TG,,20.1,15,35.1,,.4,1095.8,788.8,1885,7.6,.4,1115.9,803.8,1920.1,7.6
2006,TI,,,,,,21,2315.7,1200.5,3537.1,25.8,21,2315.7,1200.5,3537.1,25.8
2006,VD,,8.5,22.9,31.4,0,.2,3653.6,1843.1,5496.9,3.3,.2,3662.1,1865.9,5528.2,3.4
2006,VS,,,,,,1.1,1525.2,670.8,2197.1,3.9,1.1,1525.2,670.8,2197.1,3.9
2006,NE,,,,,,9.4,1438.1,748.7,2196.2,5.4,9.4,1438.1,748.7,2196.2,5.4
2006,GE,,9.1,2.5,11.6,,7.9,2148.1,1001.3,3157.2,9.300000000000001,7.9,2157.2,1003.7,3168.8,9.300000000000001
2006,JU,,,,,,3,466,209.8,678.7,.1,3,466,209.8,678.7,.1
2006,CH,,561.6,426.1,987.7,20.2,117.1,45045.5,24383,69545.5,297.7,117.1,45607.1,24809.1,70533.2,317.9
2007,ZH,,12.6,12,24.7,1.281,34.3,7927.2,4633.1,12594.6,59.773,34.3,7939.9,4645.2,12619.3,61.054
2007,BE,,,,,,10.8,7412.1,4002.5,11425.4,51.727,10.8,7412.1,4002.5,11425.4,51.727
2007,LU,,11.9,15.2,27.1,,3.8,2613.4,1306.4,3923.6,19.129,3.8,2625.3,1321.5,3950.7,19.129
2007,UR,,13.7,12.4,26.1,,,285.4,113,398.4,1.148,,299.1,125.3,424.5,1.148
2007,SZ,,,,,,,737.9,436.9,1174.7,6.169,,737.9,436.9,1174.7,6.169
2007,OW,,,,,,,226.2,137.5,363.7,.416,,226.2,137.5,363.7,.416
2007,NW,,15.8,7.3,23.1,,,211.5,121.7,333.2,1.614,,227.4,129,356.3,1.614
2007,GL,,131.8,99.3,231,,,121.3,86.2,207.5,,,253.1,185.4,438.5,
2007,ZG,,,,,,1,483.8,283.4,768.2,7.591,1,483.8,283.4,768.2,7.591
2007,FR,,37.6,45.6,83.2,16.427,.5,1818.6,716.2,2535.3,2.072,.5,1856.2,761.8,2618.5,18.499
2007,SO,,,,,,,1414.7,739.7,2154.4,7.02,,1414.7,739.7,2154.4,7.02
2007,BS,,,,,,,1711.6,586.9,2298.4,3.835,,1711.6,586.9,2298.4,3.835
2007,BL,,18.5,17.4,36,,1.6,1450.4,729.9,2181.8,2.64,1.6,1468.9,747.3,2217.8,2.64
2007,SH,,,,,,.5,562.3,363.4,926.2,3.029,.5,562.3,363.4,926.2,3.029
2007,AR,,81.09999999999989,59.1,140.1,.238,,304.3,180.1,484.4,2.238,,385.4,239.1,624.5,2.476
2007,AI,,30.2,30.2,60.4,.9370000000000001,,33.5,12.5,46,.571,,63.7,42.7,106.3,1.509
2007,SG,,60.6,49,109.6,.33,1.5,2589.2,1384.8,3975.5,19.609,1.5,2649.8,1433.8,4085.2,19.939
2007,GR,,,,,,1.6,1224.7,652.6,1878.9,9.269,1.6,1224.7,652.6,1878.9,9.269
2007,AG,,174.5,56.4,230.9,.493,6,2833.3,1368,4207.3,16.086,6,3007.8,1424.4,4438.2,16.58
2007,TG,,25.2,11.2,36.4,,.3,1378.1,760.4,2138.7,6.492,.3,1403.2,771.6,2175.1,6.492
2007,TI,,,,,,25.5,2391.5,1181.7,3598.7,29.72,25.5,2391.5,1181.7,3598.7,29.72
2007,VD,,9.19999999999999,19.8,29,.05,1,3798.3,1916.3,5715.7,2.254,1,3807.5,1936.1,5744.7,2.304
2007,VS,,,,,,.2,1575.8,681.5,2257.4,2.903,.2,1575.8,681.5,2257.4,2.903
2007,NE,,,,,,5.5,1426.2,719,2150.7,3.115,5.5,1426.2,719,2150.7,3.115
2007,GE,,9.4,3.7,13,,6,2129.8,1006.3,3142.1,14.515,6,2139.2,1009.9,3155.1,14.515
2007,JU,,,,,,2.6,471.7,214,688.4,.105,2.6,471.7,214,688.4,.105
2007,CH,,632.1,438.4,1070.5,19.756,102.8,47132.7,24333.6,71569.10000000001,273.039,102.8,47764.7,24772,72639.60000000001,292.795
2008,ZH,,10.9,10.1,21,.419,26.7,8089.9,4686.5,12803,57.877,26.7,8100.8,4696.5,12824,58.296
2008,BE,,,,,,11.5,7507.7,3981.5,11500.8,57.089,11.5,7507.7,3981.5,11500.8,57.089
2008,LU,,11.5,14.2,25.6,,3,2687.9,1359,4049.9,12.45,3,2699.3,1373.2,4075.5,12.45
2008,UR,,14.3,12.7,27.1,,,310.2,118.5,428.7,1.024,,324.5,131.3,455.8,1.024
2008,SZ,,,,,,,777.8,440.6,1218.3,5.294,,777.8,440.6,1218.3,5.294
2008,OW,,,,,,,224.3,135.8,360.2,1.464,,224.3,135.8,360.2,1.464
2008,NW,,16.4,10,26.5,,,212.1,118.6,330.7,2.862,,228.6,128.6,357.2,2.862
2008,GL,,138.5,102.1,240.7,,,121.8,86.59999999999989,208.4,,,260.3,188.7,449,
2008,ZG,,,,,,1.7,521.5,310.8,834,9.146000000000001,1.7,521.5,310.8,834,9.146000000000001
2008,FR,,26.1,38,64.09999999999989,9.359999999999991,.4,1806.8,710.2,2517.4,2.161,.4,1832.9,748.1,2581.5,11.521
2008,SO,,,,,,,1449.2,744.6,2193.8,5.559,,1449.2,744.6,2193.8,5.559
2008,BS,,,,,,,1784.1,600.7,2384.8,2.89,,1784.1,600.7,2384.8,2.89
2008,BL,,20,19.3,39.3,,1.6,1514.5,770.4,2286.5,2.697,1.6,1534.5,789.7,2325.8,2.697
2008,SH,,,,,,,553.1,355.4,908.5,1.6,,553.1,355.4,908.5,1.6
2008,AR,,80.3,58.2,138.5,.443,,302,201.2,503.2,2.429,,382.3,259.3,641.6,2.871
2008,AI,,26.5,27.4,53.9,.457,,33.8,9.9,43.7,.571,,60.3,37.4,97.59999999999989,1.029
2008,SG,,15.6,20.2,35.9,.282,.9,2737.5,1462.1,4200.5,21.228,.9,2753.1,1482.3,4236.3,21.51
2008,GR,,,,,,0,1261.6,673.8,1935.5,6.469,0,1261.6,673.8,1935.5,6.469
2008,AG,,184.9,60.2,245.1,.429,6.3,2935.6,1367.5,4309.3,18.719,6.3,3120.5,1427.6,4554.4,19.148
2008,TG,,28.2,10.4,38.6,,.1,1399.5,795.2,2194.9,4.518,.1,1427.7,805.6,2233.5,4.518
2008,TI,.8,14.5,36.4,51.6,,24.3,2351.9,1166,3542.1,27.58,25,2366.4,1202.3,3593.8,27.58
2008,VD,,10,21.1,31.1,.038,1.6,3956.2,1960.3,5918.2,3.888,1.6,3966.2,1981.4,5949.3,3.926
2008,VS,,,,,,.4,1651.4,704.5,2356.3,2.175,.4,1651.4,704.5,2356.3,2.175
2008,NE,,,,,,5.1,1452.4,713.6,2171.2,.829,5.1,1452.4,713.6,2171.2,.829
2008,GE,,8.69999999999999,2.6,11.3,,7.8,2233.3,1036.7,3277.8,16.313,7.8,2241.9,1039.3,3289,16.313
2008,JU,,,,,,2.9,451.6,217.7,672.2,.2,2.9,451.6,217.7,672.2,.2
2008,CH,.8,606.6,442.8,1050.2,11.428,94.3,48327.7,24727.7,73149.7,267.031,95,48934.3,25170.6,74199.89999999991,278.46
2009,ZH,,14.6,10.9,25.5,.181,26,8488.700000000001,4832.9,13347.6,73.078,26,8503.200000000001,4843.8,13373,73.259
2009,BE,,,,,,13.1,7806.2,4031.8,11851.2,51.103,13.1,7806.2,4031.8,11851.2,51.103
2009,LU,,11.2,14.7,25.9,,3.3,2761.7,1374.6,4139.6,16.93,3.3,2773,1389.3,4165.6,16.93
2009,UR,,,,,,,327.1,133.2,460.3,1.167,,327.1,133.2,460.3,1.167
2009,SZ,,,,,,,809.8,459.8,1269.6,5.913,,809.8,459.8,1269.6,5.913
2009,OW,,,,,,,230.6,151.9,382.5,1.429,,230.6,151.9,382.5,1.429
2009,NW,,15.2,9.69999999999999,24.9,,,208.8,117.7,326.5,2.813,,224,127.4,351.4,2.813
2009,GL,,137.6,84.5,222,,,123.3,90,213.3,,,260.9,174.5,435.3,
2009,ZG,,,,,,2,559.2,327.6,888.8,8.36999999999999,2,559.2,327.6,888.8,8.36999999999999
2009,FR,,22.6,43.6,66.2,,.3,1842.8,718.5,2561.6,3.566,.3,1865.5,762,2627.8,3.566
2009,SO,,,,,,,1440.1,759.3,2199.4,10.328,,1440.1,759.3,2199.4,10.328
2009,BS,,,,,,,1859.9,602.2,2462.2,2.957,,1859.9,602.2,2462.2,2.957
2009,BL,,22.4,19.4,41.9,,.2,1581.7,764.3,2346.2,2.667,.2,1604.1,783.8,2388.1,2.667
2009,SH,,,,,,,579.5,374.1,953.6,4.022,,579.5,374.1,953.6,4.022
2009,AR,,90.09999999999989,63.3,153.5,.288,,296,200.1,496.1,1.2,,386.1,263.4,649.5,1.488
2009,AI,,26.3,29.2,55.4,.307,,38.4,5.9,44.4,.571,,64.7,35.1,99.8,.879
2009,SG,.2,9.800000000000001,22.7,32.7,.669,1.2,2776,1486.4,4263.6,18.314,1.4,2785.8,1509.1,4296.3,18.983
2009,GR,,,,,,1.5,1373.5,713.5,2088.5,7.655,1.5,1373.5,713.5,2088.5,7.655
2009,AG,,19.7,11.9,31.6,.214,6.8,3201.4,1493.6,4701.9,19.981,6.8,3221.1,1505.6,4733.5,20.196
2009,TG,,,,,,,1443.5,785.3,2228.8,5.043,,1443.5,785.3,2228.8,5.043
2009,TI,.8,10.8,20.7,32.2,,25.9,2423.6,1182.8,3632.3,27.637,26.7,2434.3,1203.5,3664.5,27.637
2009,VD,,9.1,21.8,30.9,.043,6.4,4143.3,2040.2,6189.8,8.183,6.4,4152.4,2061.9,6220.7,8.226000000000001
2009,VS,,,,,,1.1,1718.8,730.7,2450.6,2.45,1.1,1718.8,730.7,2450.6,2.45
2009,NE,,,,,,6.7,1486.4,729.9,2222.9,.67,6.7,1486.4,729.9,2222.9,.67
2009,GE,,9.800000000000001,3.1,12.9,,7.6,2282.4,1064.2,3354.3,17.82,7.6,2292.1,1067.3,3367.1,17.82
2009,JU,,,,,,2.6,481.1,212.7,696.4,.225,2.6,481.1,212.7,696.4,.225
2009,CH,.9,399.2,355.4,755.5,1.702,104.9,50283.7,25383.3,75771.8,294.09,105.8,50682.8,25738.7,76527.39999999991,295.792
2010,ZH,,14.7,10.2,24.9,.171,23.4,8602.200000000001,4757,13382.6,61.179,23.4,8616.9,4767.2,13407.5,61.35
2010,BE,,,,,,11.6,8023.1,4187.5,12222.2,69.889,11.6,8023.1,4187.5,12222.2,69.889
2010,LU,,10.8,16.2,27,,2.2,2917.3,1438.5,4358,15.526,2.2,2928.1,1454.7,4385,15.526
2010,UR,,,,,,,338.3,140.7,479,1.119,,338.3,140.7,479,1.119
2010,SZ,,,,,,,820.9,466.6,1287.5,6.7,,820.9,466.6,1287.5,6.7
2010,OW,,,,,,,248,146.3,394.3,1.792,,248,146.3,394.3,1.792
2010,NW,,17.5,9.300000000000001,26.8,,,221.2,117.5,338.7,3.549,,238.7,126.8,365.5,3.549
2010,GL,,138.1,90.3,228.4,,,123.2,88.90000000000001,212.1,,,261.3,179.2,440.5,
2010,ZG,,,,,,1.4,581,345.7,928.2,10.791,1.4,581,345.7,928.2,10.791
2010,FR,,26.3,40.9,67.2,.905,2.9,1866.1,709,2578,3.862,2.9,1892.4,749.9,2645.2,4.767
2010,SO,,,,,,,1549.4,794,2343.4,10.843,,1549.4,794,2343.4,10.843
2010,BS,,,,,,,1870.7,611.8,2482.4,2.934,,1870.7,611.8,2482.4,2.934
2010,BL,,22.9,20.5,43.4,,,1669.3,812,2481.2,2.881,,1692.1,832.5,2524.6,2.881
2010,SH,,109.9,.4,110.3,,,572.9,369.3,942.2,3.885,,682.8,369.7,1052.5,3.885
2010,AR,,99.8,67.09999999999989,167,.05,,310.9,206.8,517.8,1.08,,410.8,274,684.7,1.13
2010,AI,,36.7,27.6,64.3,.307,,36.7,6.4,43,.571,,73.3,34,107.3,.879
2010,SG,,8.1,16.2,24.3,.079,,2862.1,1545.5,4407.6,20.52,,2870.2,1561.7,4431.9,20.599
2010,GR,,,,,,1.5,1429.3,735.8,2166.6,5.676,1.5,1429.3,735.8,2166.6,5.676
2010,AG,,81.8,46,127.8,.278,9.6,3213,1532,4754.7,59.007,9.6,3294.8,1578,4882.5,59.285
2010,TG,,19,10.3,29.3,,,1457.4,770.7,2228,2.206,,1476.3,780.9,2257.3,2.206
2010,TI,,8.19999999999999,.7,9,,23.6,2681,1294.6,3999.1,27.208,23.6,2689.3,1295.3,4008.1,27.208
2010,VD,,10.1,20.2,30.3,.038,4.5,4330.5,2143.6,6478.7,5.741,4.5,4340.7,2163.8,6509,5.779
2010,VS,,,,,,.3,1763.3,759.2,2522.7,2.54,.3,1763.3,759.2,2522.7,2.54
2010,NE,,,,,,5.6,1449.8,718.3,2173.7,.975,5.6,1449.8,718.3,2173.7,.975
2010,GE,,9,2.9,11.8,,5.6,2364.2,1097.7,3467.5,20.434,5.6,2373.1,1100.6,3479.3,20.434
2010,JU,,,,,,1.8,464.1,205.5,671.4,.39,1.8,464.1,205.5,671.4,.39
2010,CH,,613,378.8,991.8,1.828,94,51765.9,26000.9,77860.8,341.299,94,52378.9,26379.7,78852.5,343.127
2011,ZH,,13.2,11.5,24.7,.205,30.4,9096.79999999999,4938.1,14065.3,78.7,30.4,9110,4949.6,14090,78.904
2011,BE,,,,,,15.8,8144.7,4121.4,12281.9,61.993,15.8,8144.7,4121.4,12281.9,61.993
2011,LU,,.7,11.2,11.9,,4.1,2954.4,1466.2,4424.7,13.631,4.1,2955.2,1477.4,4436.6,13.631
2011,UR,,,,,,.9,326.5,141.4,468.8,1.129,.9,326.5,141.4,468.8,1.129
2011,SZ,,,,,,,851.9,466.7,1318.6,4.69,,851.9,466.7,1318.6,4.69
2011,OW,,,,,,,256.5,162.7,419.2,1.31,,256.5,162.7,419.2,1.31
2011,NW,,,1.7,1.7,,,238.6,126.2,364.8,3.236,,238.6,127.9,366.5,3.236
2011,GL,,143.5,94.5,238,.429,,117.8,85,202.8,,,261.3,179.5,440.8,.429
2011,ZG,,,,,,1.8,596.3,358.2,956.2,11.386,1.8,596.3,358.2,956.2,11.386
2011,FR,,30,40.9,70.90000000000001,,.1,2047.7,690,2737.7,3.699,.1,2077.7,730.9,2808.6,3.699
2011,SO,,,,,,,1570.4,800.5,2370.9,9.436999999999991,,1570.4,800.5,2370.9,9.436999999999991
2011,BS,,,,,,,1828.7,607.6,2436.3,2.663,,1828.7,607.6,2436.3,2.663
2011,BL,,24,20.4,44.4,,,1695,817.8,2512.7,2.286,,1719,838.1,2557.1,2.286
2011,SH,,,,,,1,787.7,456.4,1245.1,4.24,1,787.7,456.4,1245.1,4.24
2011,AR,,126,59.4,185.4,,,327.2,183,510.2,.286,,453.2,242.4,695.6,.286
2011,AI,,43,36.4,79.40000000000001,.457,,36.2,2.6,38.9,.952,,79.2,39.1,118.3,1.41
2011,SG,,6.3,7.7,14,.099,,2901.4,1576.6,4478.1,27.136,,2907.7,1584.3,4492,27.235
2011,GR,,,,,,3.6,1483.5,754.5,2241.6,7.313,3.6,1483.5,754.5,2241.6,7.313
2011,AG,,11.8,14.4,26.2,.214,6.6,3350.8,1630.2,4987.6,40.274,6.6,3362.5,1644.7,5013.9,40.489
2011,TG,,,,,,,1541.8,778.2,2320,5.35,,1541.8,778.2,2320,5.35
2011,TI,,8.6,.8,9.4,,25.8,2756.6,1328.5,4110.9,15.357,25.8,2765.3,1329.3,4120.3,15.357
2011,VD,,14.4,21.7,36,.04,5,4451.6,2200.1,6656.8,6.404,5,4466,2221.8,6692.8,6.444
2011,VS,,,,,,.4,1842,792.7,2635.1,3.139,.4,1842,792.7,2635.1,3.139
2011,NE,,,,,,5.8,1477.4,732.3,2215.5,.311,5.8,1477.4,732.3,2215.5,.311
2011,GE,,,,,,6.6,2465.9,1186.6,3659,19.736,6.6,2465.9,1186.6,3659,19.736
2011,JU,,,,,,1.6,483.2,206.2,691,.414,1.6,483.2,206.2,691,.414
2011,CH,,421.4,320.6,742,1.444,109.7,53630.5,26609.6,80349.8,325.073,109.7,54051.9,26930.3,81091.89999999991,326.517
2012,ZH,,7.3,6.6,13.9,.19,43.8,9791.700000000001,5274.2,15109.8,86.17,43.8,9799,5280.8,15123.6,86.36
2012,BE,,,,,,17.7,8531.79999999999,4331,12880.5,70.13,17.7,8531.79999999999,4331,12880.5,70.13
2012,LU,,1.9,9.4,11.3,,3.3,3023.3,1480.5,4507.1,21.747,3.3,3025.2,1489.9,4518.3,21.747
2012,UR,,,,,,,326.4,139.9,466.3,1.129,,326.4,139.9,466.3,1.129
2012,SZ,,,,,,,969.2,534.5,1503.7,7.369,,969.2,534.5,1503.7,7.369
2012,OW,,,,,,,255.8,161.4,417.3,1.381,,255.8,161.4,417.3,1.381
2012,NW,,,1.4,1.4,,,253.4,132.9,386.3,3.547,,253.4,134.3,387.8,3.547
2012,GL,,,,,,,267.8,185.5,453.4,.387,,267.8,185.5,453.4,.387
2012,ZG,,,,,,1.5,604.1,365,970.6,11.024,1.5,604.1,365,970.6,11.024
2012,FR,,13.1,28.3,41.3,,1,2127.3,710.3,2838.6,5.921,1,2140.4,738.6,2880,5.921
2012,SO,,,,,,,1607.1,791.4,2398.5,10.879,,1607.1,791.4,2398.5,10.879
2012,BS,,,,,,,1873.8,630.7,2504.5,5.068,,1873.8,630.7,2504.5,5.068
2012,BL,,,,,,,1793.9,881.4,2675.3,6.024,,1793.9,881.4,2675.3,6.024
2012,SH,,,,,,.5,790.9,451.8,1243.3,6.407,.5,790.9,451.8,1243.3,6.407
2012,AR,,,,,,,498.1,283.4,781.5,1.668,,498.1,283.4,781.5,1.668
2012,AI,,5.2,1.3,6.5,,,79.90000000000001,36.2,116.1,1.407,,85.09999999999989,37.5,122.6,1.407
2012,SG,,5.9,7.2,13.1,.05,,2992.7,1590.3,4583,33.839,,2998.6,1597.5,4596.1,33.888
2012,GR,,,,,,2.1,1473.8,722.6,2198.5,8.111000000000001,2.1,1473.8,722.6,2198.5,8.111000000000001
2012,AG,,15.1,12.4,27.5,.214,6.5,3550.6,1751.2,5308.2,48.524,6.5,3565.7,1763.6,5335.8,48.738
2012,TG,,,,,,,1578.9,801.8,2380.7,8.006,,1578.9,801.8,2380.7,8.006
2012,TI,,8.5,.7,9.300000000000001,,24.6,2799,1308.5,4132.2,19.696,24.6,2807.5,1309.3,4141.5,19.696
2012,VD,,16,20.6,36.6,.044,7.5,4592,2229,6828.4,5.549,7.5,4607.9,2249.6,6865,5.593
2012,VS,,,,,,.1,1944.9,823.2,2768.2,6.349,.1,1944.9,823.2,2768.2,6.349
2012,NE,,,,,,6.9,1555,771.3,2333.2,7.898,6.9,1555,771.3,2333.2,7.898
2012,GE,,,,,,6.7,2533.4,1196.6,3736.7,28.314,6.7,2533.4,1196.6,3736.7,28.314
2012,JU,,,,,,.3,484.7,209.4,694.5,.486,.3,484.7,209.4,694.5,.486
2012,CH,,72.90000000000001,87.90000000000001,160.9,.498,122.6,56299.3,27794.3,84216.3,407.027,122.6,56372.2,27882.2,84377.10000000001,407.525
2013,ZH,,6.7,6.5,13.3,.162,42,10162.3,5433.1,15637.4,84.767,42,10169,5439.6,15650.7,84.929
2013,BE,,,,,,18.3,8715.9,4468.2,13202.4,70.667,18.3,8715.9,4468.2,13202.4,70.667
2013,LU,,2.5,8,10.5,,.2,3117,1519.5,4636.7,21.241,.2,3119.5,1527.4,4647.2,21.241
2013,UR,,,,,,,337.7,143.5,481.2,1.319,,337.7,143.5,481.2,1.319
2013,SZ,,,,,,,1013.6,530.6,1544.2,8.574,,1013.6,530.6,1544.2,8.574
2013,OW,,,,,,,273.2,170.3,443.5,1.714,,273.2,170.3,443.5,1.714
2013,NW,,,,,,,271.1,139.1,410.2,4,,271.1,139.1,410.2,4
2013,GL,,,,,,,291.9,207.5,499.4,.394,,291.9,207.5,499.4,.394
2013,ZG,,,,,,1.4,701.6,430,1133.1,11.258,1.4,701.6,430,1133.1,11.258
2013,FR,,27.4,22.4,49.8,,1,2143.5,766.1,2910.6,5.274,1,2170.9,788.5,2960.4,5.274
2013,SO,,,,,,,1665.2,817.1,2482.3,11.259,,1665.2,817.1,2482.3,11.259
2013,BS,,,,,,,1915.8,631,2546.9,3.984,,1915.8,631,2546.9,3.984
2013,BL,,,,,,,1847.4,935.8,2783.2,5.127,,1847.4,935.8,2783.2,5.127
2013,SH,,,,,,3.9,811.6,439.9,1255.3,7.586,3.9,811.6,439.9,1255.3,7.586
2013,AR,,,,,,,566.3,307.7,874,1.363,,566.3,307.7,874,1.363
2013,AI,,5.1,1.3,6.4,,,84.09999999999989,32.9,117,1.481,,89.2,34.1,123.4,1.481
2013,SG,,7.2,6.2,13.4,.074,,3090.6,1630.7,4721.3,34.05,,3097.7,1637,4734.7,34.124
2013,GR,,,,,,.5,1553.4,764.5,2318.4,19.957,.5,1553.4,764.5,2318.4,19.957
2013,AG,,9.5,10,19.5,.024,6.1,3741.7,1816.1,5563.9,57.177,6.1,3751.2,1826.1,5583.4,57.2
2013,TG,,,,,,.8,1651.4,832.5,2484.7,10.997,.8,1651.4,832.5,2484.7,10.997
2013,TI,,8,.8,8.800000000000001,,22.8,2913.8,1309.2,4245.8,24.102,22.8,2921.8,1309.9,4254.6,24.102
2013,VD,,25.3,40,65.3,.043,20.1,4762.4,2303.6,7086,3.81,20.1,4787.7,2343.6,7151.4,3.853
2013,VS,,,,,,.1,1970.8,830.8,2801.6,8.08799999999999,.1,1970.8,830.8,2801.6,8.08799999999999
2013,NE,,,,,,5.3,1576.8,766.5,2348.7,10.093,5.3,1576.8,766.5,2348.7,10.093
2013,GE,,,,,,5.6,2529.6,1213.3,3748.5,25.946,5.6,2529.6,1213.3,3748.5,25.946
2013,JU,,,,,,,489,215.5,704.4,.627,,489,215.5,704.4,.627
2013,CH,,91.7,95.2,186.9,.303,128.3,58197.6,28654.9,86980.8,434.853,128.3,58289.3,28750.1,87167.7,435.156
2014,ZH,,2.0114468864,2.4666866137,4.4781335002,.0476190476,44.102804515,10591.504068,5697.2480099,16332.854882,75.05,44.102804515,10593.515515,5699.7146965,16337.333016,75.097619048
2014,BE,,,,,,12.789073198,8898.75829589999,4577.6292557,13489.176625,70.70142857099989,12.789073198,8898.75829589999,4577.6292557,13489.176625,70.70142857099989
2014,LU,,3.6205164993,8.7269249163,12.347441416,,3.7108791209,3151.0318395,1559.6036355,4714.3463541,25.275238095,3.7108791209,3154.652356,1568.3305604,4726.6937955,25.275238095
2014,UR,,,,,,,346.60969424,147.92503967,494.53473391,.4619047619,,346.60969424,147.92503967,494.53473391,.4619047619
2014,SZ,,,,,,,1019.0693821,553.05625488,1572.125637,8.3195238095,,1019.0693821,553.05625488,1572.125637,8.3195238095
2014,OW,,,,,,,263.37374283,179.41752792,442.79127075,2.3838095238,,263.37374283,179.41752792,442.79127075,2.3838095238
2014,NW,,,,,,,268.28901857,140.87846303,409.16748161,4.2128571429,,268.28901857,140.87846303,409.16748161,4.2128571429
2014,GL,,,,,,,285.54424197,208.08020914,493.6244511,.769047619,,285.54424197,208.08020914,493.6244511,.769047619
2014,ZG,,,,,,.25,686.05957618,428.31215517,1114.6217313,15.95047619,.25,686.05957618,428.31215517,1114.6217313,15.95047619
2014,FR,,29.24918598,23.789330055,53.038516035,,1,2153.8751494,808.92763016,2963.8027796,5.49,1,2183.1243354,832.71696022,3016.8412956,5.49
2014,SO,,,,,,,1784.290376,888.1018713,2672.3922474,13.24,,1784.290376,888.1018713,2672.3922474,13.24
2014,BS,,,,,,,1984.7572975,665.75700786,2650.5143053,3.7057142857,,1984.7572975,665.75700786,2650.5143053,3.7057142857
2014,BL,,,,,,,1943.4361888,993.12987686,2936.5660657,6.3995238095,,1943.4361888,993.12987686,2936.5660657,6.3995238095
2014,SH,,,,,,3.6163481666,831.79408468,444.49923298,1279.9096658,7.3661904762,3.6163481666,831.79408468,444.49923298,1279.9096658,7.3661904762
2014,AR,,,,,,,568.19909976,309.97759697,878.17669673,1.489047619,,568.19909976,309.97759697,878.17669673,1.489047619
2014,AI,,4.5921550095,1.2689035917,5.8610586011,.0285714286,,84.220140797,31.278388278,115.49852908,1.8514285714,,88.8122958059999,32.54729187,121.35958768,1.88
2014,SG,,7.3402499461,5.2432880845,12.583538031,.0495238095,,3160.2762104,1650.3969252,4810.6731356,34.063333333,,3167.6164603,1655.6402133,4823.2566736,34.112857143
2014,GR,,,,,,4.3897024091,1612.4577828,780.15596031,2397.0034455,20.876190476,4.3897024091,1612.4577828,780.15596031,2397.0034455,20.876190476
2014,AG,,6.3703529412,11.471558351,17.841911293,,7.6867422297,3777.3165408,1791.9839212,5576.9872043,59.089047619,7.6867422297,3783.6868938,1803.4554796,5594.8291156,59.089047619
2014,TG,,,,,,1.5,1682.5052893,874.09148095,2558.0967702,14.986666667,1.5,1682.5052893,874.09148095,2558.0967702,14.986666667
2014,TI,,9.55576923079999,.75,10.305769231,,22.476920241,3016.2177463,1339.5016074,4378.196274,17.453809524,22.476920241,3025.7735155,1340.2516074,4388.5020432,17.453809524
2014,VD,,43.702782278,52.508718456,96.211500734,.7147619048,15.479974053,4868.1355959,2327.1339466,7210.7495166,4.3876190476,15.479974053,4911.8383782,2379.6426651,7306.9610173,5.1023809524
2014,VS,,,,,,.1003824092,1968.1695953,825.33434501,2793.6043227,11.239047619,.1003824092,1968.1695953,825.33434501,2793.6043227,11.239047619
2014,NE,,,,,,8.333653846200001,1598.0304457,769.017906169999,2375.3820057,2.5476190476,8.333653846200001,1598.0304457,769.017906169999,2375.3820057,2.5476190476
2014,GE,,,,,,5.7945275141,2559.9599301,1248.9349396,3814.6893972,26.810952381,5.7945275141,2559.9599301,1248.9349396,3814.6893972,26.810952381
2014,JU,,,,,,,492.72708333,227.27651099,720.00359432,7.4714285714,,492.72708333,227.27651099,720.00359432,7.4714285714
2014,CH,,106.44245877,106.22541007,212.66786884,.8404761905,131.2310077,59596.608416,29467.649699,89195.48912300001,441.59190476,131.2310077,59703.050875,29573.875109,89408.156991,442.43238095
2015,ZH,,2.0194570136,2.3228170781,4.3422740917,.1019047619,43.908798824,10717.544705,5585.9898523,16347.443356,87.50047619,43.908798824,10719.564162,5588.3126693,16351.78563,87.602380952
2015,BE,,,,,,17.778247982,8991.28874179999,4515.0111027,13524.078092,70.294285714,17.778247982,8991.28874179999,4515.0111027,13524.078092,70.294285714
2015,LU,,3.8888340708,7.7925330813,11.681367152,.0238095238,.1913919414,3165.5507508,1566.6525512,4732.394694,24.830952381,.1913919414,3169.4395849,1574.4450843,4744.0760611,24.854761905
2015,UR,,,,,,,354.27785966,151.01890429,505.29676395,.6047619048,,354.27785966,151.01890429,505.29676395,.6047619048
2015,SZ,,,,,,,1068.3566102,575.62475118,1643.9813614,6.3223809524,,1068.3566102,575.62475118,1643.9813614,6.3223809524
2015,OW,,,,,,,273.84717446,202.33075257,476.17792703,1.1857142857,,273.84717446,202.33075257,476.17792703,1.1857142857
2015,NW,,,,,,,273.76152962,145.55179798,419.3133276,4.2852380952,,273.76152962,145.55179798,419.3133276,4.2852380952
2015,GL,,,,,,,272.57946643,216.47998542,489.05945185,.4866666667,,272.57946643,216.47998542,489.05945185,.4866666667
2015,ZG,,,,,,1.25,697.53101789,432.98846764,1131.7694855,11.60952381,1.25,697.53101789,432.98846764,1131.7694855,11.60952381
2015,FR,,30.261247971,18.961663361,49.222911331,,2.7725212067,2138.7188513,809.21557036,2950.7069429,6.3728571429,2.7725212067,2168.9800993,828.17723372,2999.9298542,6.3728571429
2015,SO,,,,,,,1851.0963268,903.73974687,2754.8360737,11.271428571,,1851.0963268,903.73974687,2754.8360737,11.271428571
2015,BS,,,,,,,2091.7615478,744.45696868,2836.2185165,3.9814285714,,2091.7615478,744.45696868,2836.2185165,3.9814285714
2015,BL,,,,,,,1915.4208905,998.9409233600001,2914.3618138,8.4304761905,,1915.4208905,998.9409233600001,2914.3618138,8.4304761905
2015,SH,,,,,,3.1005261916,813.471540069999,416.8408024,1233.4128687,6.7895238095,3.1005261916,813.471540069999,416.8408024,1233.4128687,6.7895238095
2015,AR,,,,,,,571.76201725,315.84682375,887.608841,2.2080952381,,571.76201725,315.84682375,887.608841,2.2080952381
2015,AI,,5.6233459357,1.2901701323,6.9135160681,,,91.929773352,35.285124771,127.21489812,1.7204761905,,97.553119287,36.575294903,134.12841419,1.7204761905
2015,SG,,9.266063348399991,5.2793417367,14.545405085,.0476190476,,3197.5134668,1706.8077136,4904.3211804,32.136190476,,3206.7795302,1712.0870553,4918.8665855,32.183809524
2015,GR,,,,,,1.919742674,1597.9872366,775.67039376,2375.577373,20.248095238,1.919742674,1597.9872366,775.67039376,2375.577373,20.248095238
2015,AG,,,,,,6.7870939533,4017.0691222,1875.0841265,5898.9403426,54.388095238,6.7870939533,4017.0691222,1875.0841265,5898.9403426,54.388095238
2015,TG,,,,,,.4961538462,1675.2184536,873.83225639,2549.5468638,14.061904762,.4961538462,1675.2184536,873.83225639,2549.5468638,14.061904762
2015,TI,,7.8350961538,.7740384615,8.6091346154,,27.424566919,3095.0657876,1360.3299842,4482.8203388,15.761428571,27.424566919,3102.9008838,1361.1040227,4491.4294734,15.761428571
2015,VD,.0023084026,47.046208189,48.123333486,95.171850077,.3428571429,18.2408138,4902.3526608,2340.2326191,7260.8260937,3.5704761905,18.243122202,4949.398869,2388.3559526,7355.9979438,3.9133333333
2015,VS,,,,,,.0999043977,2038.1779496,849.50925482,2887.7871088,9.250476190500001,.0999043977,2038.1779496,849.50925482,2887.7871088,9.250476190500001
2015,NE,,,,,,5.7504807692,1605.8510429,786.9415072100001,2398.5430309,3.3047619048,5.7504807692,1605.8510429,786.9415072100001,2398.5430309,3.3047619048
2015,GE,,1.7701923077,8.8028846154,10.573076923,,6.0561067935,2633.6265187,1264.4087868,3904.0914123,30.207619048,6.0561067935,2635.396711,1273.2116714,3914.6644892,30.207619048
2015,JU,,,,,,,501.64816828,175.35097436,676.999142639999,8.08523809519999,,501.64816828,175.35097436,676.999142639999,8.08523809519999
2015,CH,.0023084026,107.71044499,93.346781952,201.05953534,.5161904762,135.7763493,60553.40921,29624.141742,90313.32730200001,438.90857143,135.7786577,60661.119655,29717.488524,90514.386837,439.4247619
2016,ZH,,1.9762596899,3.4008527132,5.3771124031,.2971428571,47.804963725,11041.99484,5825.1407862,16914.94059,85.29952381,47.804963725,11043.9711,5828.541639,16920.317703,85.59666666699989
2016,BE,,,,,,12.45234109,8967.15121,4610.4720056,13590.075557,79.838571429,12.45234109,8967.15121,4610.4720056,13590.075557,79.838571429
2016,LU,,3.4896336996,8.39047619049999,11.88010989,,.1913919414,3299.844485,1600.0181361,4900.054013,25.904285714,.1913919414,3303.3341187,1608.4086123,4911.9341229,25.904285714
2016,UR,,,,,,,349.41806747,158.97976375,508.39783122,.6052380952,,349.41806747,158.97976375,508.39783122,.6052380952
2016,SZ,,,,,,,1099.9961589,584.33176015,1684.327919,7.3119047619,,1099.9961589,584.33176015,1684.327919,7.3119047619
2016,OW,,,,,,,279.6744495,202.44616952,482.12061901,1.4476190476,,279.6744495,202.44616952,482.12061901,1.4476190476
2016,NW,,,,,,,284.81085995,150.76217693,435.57303689,4.460952381,,284.81085995,150.76217693,435.57303689,4.460952381
2016,GL,,,,,,,277.39401265,222.52920912,499.92322178,.4866666667,,277.39401265,222.52920912,499.92322178,.4866666667
2016,ZG,,,,,,.0274725275,704.12420032,434.98593452,1139.1376074,9.0680952381,.0274725275,704.12420032,434.98593452,1139.1376074,9.0680952381
2016,FR,,30.447729062,19.264468463,49.712197525,,3.1203911646,2179.3032074,820.49236711,3002.9159657,5.6476190476,3.1203911646,2209.7509365,839.75683557,3052.6281632,5.6476190476
2016,SO,,,,,,,1940.6679265,939.51760174,2880.1855283,10.100952381,,1940.6679265,939.51760174,2880.1855283,10.100952381
2016,BS,,,,,,,2110.4713907,767.88689821,2878.3582889,7.4280952381,,2110.4713907,767.88689821,2878.3582889,7.4280952381
2016,BL,,,,,,,1987.6549098,1012.6649846,3000.3198944,7.9433333333,,1987.6549098,1012.6649846,3000.3198944,7.9433333333
2016,SH,,,,,,.3999977224,792.36786408,400.7103046,1193.4781664,5.2814285714,.3999977224,792.36786408,400.7103046,1193.4781664,5.2814285714
2016,AR,,,,,,,573.25595902,320.97654861,894.23250763,2.4033333333,,573.25595902,320.97654861,894.23250763,2.4033333333
2016,AI,,8.185727788299991,1.2618147448,9.4475425331,,,99.96434523800001,37.918095238,137.88244048,1.6333333333,,108.15007303,39.179909983,147.32998301,1.6333333333
2016,SG,,10.192307692,6.6127612583,16.805068951,.0476190476,,3294.6894533,1742.4521206,5037.1415739,30.578095238,,3304.881761,1749.0648819,5053.9466428,30.625714286
2016,GR,,,,,,1.7208081937,1603.3333817,770.664697729999,2375.7188876,8.4361904762,1.7208081937,1603.3333817,770.664697729999,2375.7188876,8.4361904762
2016,AG,,,,,,7.6011010308,4121.050547,1958.178521,6086.8301691,53.868095238,7.6011010308,4121.050547,1958.178521,6086.8301691,53.868095238
2016,TG,,,,,,,1731.8593435,889.38920716,2621.2485507,21.155714286,,1731.8593435,889.38920716,2621.2485507,21.155714286
2016,TI,,,,,,30.311975344,3174.8394864,1350.4000518,4555.5515136,15.308571429,30.311975344,3174.8394864,1350.4000518,4555.5515136,15.308571429
2016,VD,.0023084026,46.249652694,50.789592808,97.041553905,.3085714286,14.729413424,5088.7669457,2395.1757998,7498.6721589,5.0795238095,14.731721826,5135.0165984,2445.9653926,7595.7137128,5.3880952381
2016,VS,,,,,,.1,2091.4909158,874.11442388,2965.7053397,12.208571429,.1,2091.4909158,874.11442388,2965.7053397,12.208571429
2016,NE,,,,,,4.5029859269,1588.3256975,779.62862685,2372.4573103,3.0619047619,4.5029859269,1588.3256975,779.62862685,2372.4573103,3.0619047619
2016,GE,,1.839559387,8.7380268199,10.577586207,,6.4059966659,2657.7115625,1270.9382867,3935.0558459,31.568095238,6.4059966659,2659.5511219,1279.6763136,3945.6334321,31.568095238
2016,JU,,,,,,.0228937729,514.99889119,178.23316811,693.25495308,10.184285714,.0228937729,514.99889119,178.23316811,693.25495308,10.184285714
2016,CH,.0023084026,102.38087001,98.45799299700001,200.84117141,.6533333333,129.39173253,61855.160111,30299.007646,92283.55949,446.31,129.39404093,61957.540981,30397.465639,92484.40066100001,446.96333333
2017,ZH,,1.9738372093,2.5825878809,4.5564250902,.2938095238,43.303788478,11237.686836,6052.1484094,17333.139034,80.93047618999989,43.303788478,11239.660673,6054.7309973,17337.695459,81.224285714
2017,BE,,,,,,18.474767052,9053.823915000001,4694.9393324,13767.238015,77.240952381,18.474767052,9053.823915000001,4694.9393324,13767.238015,77.240952381
2017,LU,,4.7782045127,9.8578972636,14.636101776,,.1163003663,3310.3173695,1664.2449547,4974.6786246,27.047619048,.1163003663,3315.0955741,1674.102852,4989.3147264,27.047619048
2017,UR,,,,,,,341.73746836,167.63519414,509.3726625,.7857142857,,341.73746836,167.63519414,509.3726625,.7857142857
2017,SZ,,,,,,,1156.5208849,622.26040065,1778.7812856,6.6576190476,,1156.5208849,622.26040065,1778.7812856,6.6576190476
2017,OW,,,,,,,288.29337181,208.22804452,496.52141632,3.2380952381,,288.29337181,208.22804452,496.52141632,3.2380952381
2017,NW,,,,,,,291.22495367,153.23914136,444.46409503,4.6085714286,,291.22495367,153.23914136,444.46409503,4.6085714286
2017,GL,,,,,,,271.02749584,220.34237096,491.3698668,1.1904761905,,271.02749584,220.34237096,491.3698668,1.1904761905
2017,ZG,,,,,,,638.71531464,412.78413478,1051.4994494,8.358571428599991,,638.71531464,412.78413478,1051.4994494,8.358571428599991
2017,FR,,27.466106745,18.72352344,46.189630186,,3.495351582,2304.2778311,843.82361541,3151.5967981,5.9052380952,3.495351582,2331.7439378,862.54713885,3197.7864282,5.9052380952
2017,SO,,,,,,,1969.0365155,984.48787152,2953.5243871,12.506190476,,1969.0365155,984.48787152,2953.5243871,12.506190476
2017,BS,,,,,,,2233.937835,853.99629519,3087.9341302,9.189523809500001,,2233.937835,853.99629519,3087.9341302,9.189523809500001
2017,BL,,,,,,,2030.6520408,1035.339188,3065.9912288,19.944285714,,2030.6520408,1035.339188,3065.9912288,19.944285714
2017,SH,,,,,,.4498812352,772.16324338,400.55061164,1173.1637363,5.139047619,.4498812352,772.16324338,400.55061164,1173.1637363,5.139047619
2017,AR,,,,,,,555.03878998,324.6329997,879.67178969,2.4533333333,,555.03878998,324.6329997,879.67178969,2.4533333333
2017,AI,,6.3950850662,.7868620038,7.1819470699,,,113.23891369,54.098110119,167.33702381,1.6314285714,,119.63399876,54.884972123,174.51897088,1.6314285714
2017,SG,,10.851131222,6.9057692308,17.756900452,.180952381,,3338.913587,1771.4062657,5110.3198527,37.33952381,,3349.7647182,1778.312035,5128.0767532,37.52047619
2017,GR,,,,,,1.0411363998,1606.5869768,781.81272767,2389.4408409,8.4738095238,1.0411363998,1606.5869768,781.81272767,2389.4408409,8.4738095238
2017,AG,,,,,,6.2656657296,4110.0527469,2008.4891095,6124.8075221,56.400952381,6.2656657296,4110.0527469,2008.4891095,6124.8075221,56.400952381
2017,TG,,,,,,,1789.4792921,892.0162747000001,2681.4955668,14.23,,1789.4792921,892.0162747000001,2681.4955668,14.23
2017,TI,,,,,,28.069159169,3284.8865145,1363.8408529,4676.7965266,21.003809524,28.069159169,3284.8865145,1363.8408529,4676.7965266,21.003809524
2017,VD,.0230840259,48.4757187,51.785713199,100.28451592,.3314285714,17.023477217,5194.6746335,2468.1827914,7679.8809021,6.2971428571,17.046561243,5243.1503522,2519.9685046,7780.165418,6.6285714286
2017,VS,,,,,,.2997131931,2217.7960782,922.97153742,3141.0673288,11.827619048,.2997131931,2217.7960782,922.97153742,3141.0673288,11.827619048
2017,NE,,,,,,3.4548076923,1626.4238713,738.96904313,2368.8477221,2.1376190476,3.4548076923,1626.4238713,738.96904313,2368.8477221,2.1376190476
2017,GE,,1.8995192308,9.12067307689999,11.020192308,,6.7339900811,2761.0203653,1277.7906538,4045.5450092,27.358095238,6.7339900811,2762.9198846,1286.9113269,4056.5652015,27.358095238
2017,JU,,,,,,,530.45373319,180.61672571,711.070458899999,8.0857142857,,530.45373319,180.61672571,711.070458899999,8.0857142857
2017,CH,.0230840259,101.83960269,99.763026095,201.62571281,.8061904762,128.72803819,63027.980578,31098.846656,94255.55527300001,459.98142857,128.75112222,63129.820181,31198.609683,94457.18098600001,460.78761905
2018,ZH,,2.3734827264,1.1242967154,3.4977794418,.2680952381,48.991291308,11593.61522,6155.5508954,17798.157406,80.59999999999989,48.991291308,11595.988702,6156.6751922,17801.655186,80.868095238
2018,BE,,,,,,13.895368862,9150.25387939999,4743.5187655,13907.668014,78.15952381,13.895368862,9150.25387939999,4743.5187655,13907.668014,78.15952381
2018,LU,,3.7637494022,10.098995696,13.862745098,,1.7161172161,3281.5509652,1712.040716,4995.3077984,23.214761905,1.7161172161,3285.3147146,1722.1397117,5009.1705435,23.214761905
2018,UR,,,,,,,344.2776416,163.89321375,508.17085535,.9761904762,,344.2776416,163.89321375,508.17085535,.9761904762
2018,SZ,,,,,,,1188.1333032,638.99824281,1827.131546,5.6038095238,,1188.1333032,638.99824281,1827.131546,5.6038095238
2018,OW,,,,,,,297.89420516,216.62101974,514.5152249,2.0238095238,,297.89420516,216.62101974,514.5152249,2.0238095238
2018,NW,,,,,,,287.25240142,158.03216586,445.28456728,5.359047619,,287.25240142,158.03216586,445.28456728,5.359047619
2018,GL,,,,,,,258.54327006,218.11323676,476.65650683,1.1904761905,,258.54327006,218.11323676,476.65650683,1.1904761905
2018,ZG,,,,,,1,659.88603836,417.54091217,1078.4269505,8.429047619,1,659.88603836,417.54091217,1078.4269505,8.429047619
2018,FR,,,,,,3.2982073374,2385.274185,860.56310975,3249.1355021,6.3980952381,3.2982073374,2385.274185,860.56310975,3249.1355021,6.3980952381
2018,SO,,,,,,,1964.8020564,1001.3002587,2966.102315,15.854761905,,1964.8020564,1001.3002587,2966.102315,15.854761905
2018,BS,,,,,,,2247.4297122,852.37474832,3099.8044605,7.0452380952,,2247.4297122,852.37474832,3099.8044605,7.0452380952
2018,BL,,,,,,,2075.4832132,1039.2676053,3114.7508185,24.503333333,,2075.4832132,1039.2676053,3114.7508185,24.503333333
2018,SH,,,,,,.2024096386,793.52463414,410.84542392,1204.5724677,5.430952381,.2024096386,793.52463414,410.84542392,1204.5724677,5.430952381
2018,AR,,,,,,,554.57544552,316.78566871,871.36111422,2.9795238095,,554.57544552,316.78566871,871.36111422,2.9795238095
2018,AI,,8.214083175800001,.4829867675,8.697069943300001,,,114.60695755,51.658323506,166.26528105,1.61,,122.82104072,52.141310274,174.962351,1.61
2018,SG,,11.480542986,7.7315449257,19.212087912,.1619047619,,3476.9718192,1880.2490145,5357.2208337,38.911428571,,3488.4523622,1887.9805594,5376.4329216,39.073333333
2018,GR,,,,,,1.4168269231,1665.0216933,795.13991099,2461.5784312,8.730952381,1.4168269231,1665.0216933,795.13991099,2461.5784312,8.730952381
2018,AG,,,,,,5.3462056281,4288.2332922,2069.4169348,6362.9964326,55.492380952,5.3462056281,4288.2332922,2069.4169348,6362.9964326,55.492380952
2018,TG,,,,,,,1855.4944663,929.29153686,2784.7860032,15.087619048,,1855.4944663,929.29153686,2784.7860032,15.087619048
2018,TI,,,,,,22.314903846,3399.4497253,1337.1226419,4758.8872711,21.029047619,22.314903846,3399.4497253,1337.1226419,4758.8872711,21.029047619
2018,VD,.000923361,36.78942782,47.140258574,83.93060975500001,.0228571429,17.32942181,5370.3799132,2555.0946782,7942.8040132,6.7895238095,17.330345171,5407.169341,2602.2349368,8026.734623,6.8123809524
2018,VS,,,,,,.2997131931,2291.8067793,939.95214617,3232.0586387,11.968095238,.2997131931,2291.8067793,939.95214617,3232.0586387,11.968095238
2018,NE,,,,,,2.9277673546,1595.3153512,736.98571257,2335.2288311,4.609047619,2.9277673546,1595.3153512,736.98571257,2335.2288311,4.609047619
2018,GE,,1.7538461538,9.46875,11.222596154,,6.8104469405,2798.8892537,1306.3454096,4112.0451102,24.485714286,6.8104469405,2800.6430998,1315.8141596,4123.2677064,24.485714286
2018,JU,,,,,,,550.29098283,191.4952448,741.78622763,8.9619047619,,550.29098283,191.4952448,741.78622763,8.9619047619
2018,CH,.000923361,64.375132265,76.046832678,140.4228883,.4528571429,125.54868006,64488.956404,31698.197537,96312.702621,465.44428571,125.54960342,64553.331537,31774.244369,96453.125509,465.89714286
2019,ZH,,24.771915176,16.972904546,41.744819723,.1504761905,47.426153812,11985.005409,6153.3111129,18185.742676,75.82857142899989,47.426153812,12009.777324,6170.2840175,18227.487496,75.979047619
2019,BE,,,,,,12.265703163,9241.28597289999,4845.6527156,14099.204392,84.183809524,12.265703163,9241.28597289999,4845.6527156,14099.204392,84.183809524
2019,LU,,3.5581061693,9.593974175,13.152080344,.0938095238,1.7161172161,3328.186636,1760.6036388,5090.5063921,24.906190476,1.7161172161,3331.7447422,1770.197613,5103.6584724,25
2019,UR,,,,,,,347.83133823,168.23009229,516.0614305300001,1.0133333333,,347.83133823,168.23009229,516.0614305300001,1.0133333333
2019,SZ,,,,,,,1240.2902682,666.1434431500001,1906.4337114,5.6338095238,,1240.2902682,666.1434431500001,1906.4337114,5.6338095238
2019,OW,,,,,,,288.13699294,212.93661486,501.0736078,2.2047619048,,288.13699294,212.93661486,501.0736078,2.2047619048
2019,NW,,,,,,,310.66980928,166.75122921,477.42103849,4.8104761905,,310.66980928,166.75122921,477.42103849,4.8104761905
2019,GL,,,,,,,253.11373293,217.89268731,471.00642025,1.0952380952,,253.11373293,217.89268731,471.00642025,1.0952380952
2019,ZG,,,,,,.0320512821,687.85812533,415.14021396,1103.0303906,7.0004761905,.0320512821,687.85812533,415.14021396,1103.0303906,7.0004761905
2019,FR,,,,,,3.234656724,2386.3267604,865.73328152,3255.2946986,5.7342857143,3.234656724,2386.3267604,865.73328152,3255.2946986,5.7342857143
2019,SO,,,,,,,1994.4649752,1009.4756224,3003.9405977,17.275714286,,1994.4649752,1009.4756224,3003.9405977,17.275714286
2019,BS,,,,,,,2253.2357827,877.2242099,3130.4599926,6.4038095238,,2253.2357827,877.2242099,3130.4599926,6.4038095238
2019,BL,,,,,,,2156.6523338,1059.7229637,3216.3752975,24.561904762,,2156.6523338,1059.7229637,3216.3752975,24.561904762
2019,SH,,,,,,,802.97017639,422.92520318,1225.8953796,5.0395238095,,802.97017639,422.92520318,1225.8953796,5.0395238095
2019,AR,,,,,,,537.44029976,327.79923884,865.23953861,3.239047619,,537.44029976,327.79923884,865.23953861,3.239047619
2019,AI,,10.828922495,1.5179584121,12.346880907,,,117.11154715,54.187491143,171.29903829,1.730952381,,127.94046964,55.705449555,183.6459192,1.730952381
2019,SG,,18.797645981,6.6225328593,25.420178841,.1714285714,,3592.3776559,1879.5265462,5471.9042021,34.32047619,,3611.1753018,1886.1490791,5497.3243809,34.491904762
2019,GR,,,,,,1.75,1690.2338281,795.45474887,2487.4385769,10.164285714,1.75,1690.2338281,795.45474887,2487.4385769,10.164285714
2019,AG,,,,,,5.9275320814,4433.9126645,2127.9311747,6567.7713713,55.829047619,5.9275320814,4433.9126645,2127.9311747,6567.7713713,55.829047619
2019,TG,,,,,,,1929.3355408,939.54734289,2868.8828837,18.335714286,,1929.3355408,939.54734289,2868.8828837,18.335714286
2019,TI,,,,,,22.009134615,3789.3655678,1433.7852564,5245.1599588,13.537619048,22.009134615,3789.3655678,1433.7852564,5245.1599588,13.537619048
2019,VD,,32.249303757,39.631942027,71.881245784,.0428571429,16.016841332,5443.1530025,2558.8751242,8018.0449681,7.2728571429,16.016841332,5475.4023063,2598.5070663,8089.9262139,7.3157142857
2019,VS,,,,,,.2102849859,2405.5422378,973.36299752,3379.1155204,11.341904762,.2102849859,2405.5422378,973.36299752,3379.1155204,11.341904762
2019,NE,,,,,,6.5243798813,1592.2723322,746.66466861,2345.4613807,8.102380952400001,6.5243798813,1592.2723322,746.66466861,2345.4613807,8.102380952400001
2019,GE,,1.8980769231,9.8317307692,11.729807692,,5.6622349721,2889.9153629,1331.3142104,4226.8918082,22.299047619,5.6622349721,2891.8134398,1341.1459411,4238.6216159,22.299047619
2019,JU,,,,,,,568.40753578,205.928371,774.33590677,10.043809524,,568.40753578,205.928371,774.33590677,10.043809524
2019,CH,,92.103970503,84.171042789,176.27501329,.4585714286,122.77509006,66265.095889,32216.1202,98603.991178,461.90904762,122.77509006,66357.199859,32300.291242,98780.266192,462.36761905
2020,ZH,,1.9330316742,1.1954751131,3.1285067873,.1547619048,51.35501424,12254.605979,6173.8247897,18479.785783,47.304285714,51.35501424,12256.53901,6175.0202648,18482.914289,47.459047619
2020,BE,,,,,,7.7800518516,9423.9874812,4828.72163,14260.489163,57.14047619,7.7800518516,9423.9874812,4828.72163,14260.489163,57.14047619
2020,LU,,3.504,9.6381176471,13.142117647,.3266666667,2.5201969125,3410.7100775,1790.9382835,5204.168558,24.462857143,2.5201969125,3414.2140775,1800.5764012,5217.3106756,24.78952381
2020,UR,,,,,,,339.56219454,168.24225994,507.80445448,.7095238095,,339.56219454,168.24225994,507.80445448,.7095238095
2020,SZ,,,,,,,1276.0089236,692.46359369,1968.4725173,4.7447619048,,1276.0089236,692.46359369,1968.4725173,4.7447619048
2020,OW,,,,,,,290.64464589,215.03090442,505.67555031,1.2547619048,,290.64464589,215.03090442,505.67555031,1.2547619048
2020,NW,,,,,,,306.66432309,170.23664557,476.90096866,3.7952380952,,306.66432309,170.23664557,476.90096866,3.7952380952
2020,GL,,,,,,,261.28324176,224.36260573,485.64584749,.4761904762,,261.28324176,224.36260573,485.64584749,.4761904762
2020,ZG,,,,,,.0457875458,718.83934603,429.30564808,1148.1907816,5.6338095238,.0457875458,718.83934603,429.30564808,1148.1907816,5.6338095238
2020,FR,,,,,,3.1115696564,2458.7648841,897.86311649,3359.7395702,2.1147619048,3.1115696564,2458.7648841,897.86311649,3359.7395702,2.1147619048
2020,SO,,,,,,,2019.5641462,1036.7667121,3056.3308583,7.8547619048,,2019.5641462,1036.7667121,3056.3308583,7.8547619048
2020,BS,,,,,,.0781563126,2248.4251101,887.6737947300001,3136.1770612,2.4419047619,.0781563126,2248.4251101,887.6737947300001,3136.1770612,2.4419047619
2020,BL,,,,,,,2171.2866011,1040.3435912,3211.6301923,16.162857143,,2171.2866011,1040.3435912,3211.6301923,16.162857143
2020,SH,,,,,,,789.716373249999,420.02484297,1209.7412162,4.1880952381,,789.716373249999,420.02484297,1209.7412162,4.1880952381
2020,AR,,,,,,,561.546096459999,344.63019339,906.17628985,1.1980952381,,561.546096459999,344.63019339,906.17628985,1.1980952381
2020,AI,,,,,,,127.07296097,53.493226213,180.56618718,.2952380952,,127.07296097,53.493226213,180.56618718,.2952380952
2020,SG,,18.875005387,6.9791693601,25.854174747,.0928571429,,3688.8506033,1938.8296232,5627.6802265,21.471428571,,3707.7256087,1945.8087926,5653.5344013,21.564285714
2020,GR,,,,,,.8675518926,1708.0237191,804.73033807,2513.6216091,8.5423809524,.8675518926,1708.0237191,804.73033807,2513.6216091,8.5423809524
2020,AG,,,,,,5.8723278315,4570.4363804,2191.8667518,6768.17546,34.635714286,5.8723278315,4570.4363804,2191.8667518,6768.17546,34.635714286
2020,TG,,,,,,,1984.4291467,947.13116943,2931.5603161,13.401904762,,1984.4291467,947.13116943,2931.5603161,13.401904762
2020,TI,,,,,,23.22257326,3847.8873626,1527.0684982,5398.1784341,9.331904761900001,23.22257326,3847.8873626,1527.0684982,5398.1784341,9.331904761900001
2020,VD,,32.264048111,37.918733962,70.182782073,.0428571429,16.443890582,5595.3657729,2569.5842517,8181.3939152,10.065714286,16.443890582,5627.629821,2607.5029857,8251.576697300001,10.108571429
2020,VS,,,,,,.199047619,2457.3234506,1005.262894,3462.7853923,8.36571428569999,.199047619,2457.3234506,1005.262894,3462.7853923,8.36571428569999
2020,NE,,,,,,2.9654349891,1571.4311338,743.7367854,2318.1333542,.580952381,2.9654349891,1571.4311338,743.7367854,2318.1333542,.580952381
2020,GE,,1.9904214559,9.1053639847,11.095785441,,5.8904370028,2926.7370205,1366.5189281,4299.1463856,23.444761905,5.8904370028,2928.727442,1375.6242921,4310.2421711,23.444761905
2020,JU,,,,,,.0378649635,610.94268316,213.46978598,824.4503341,10.138095238,.0378649635,610.94268316,213.46978598,824.4503341,10.138095238
2020,CH,,58.566506628,64.836860067,123.4033667,.6171428571000001,120.38990466,67620.109658,32682.120863,100422.62043,319.75619048,120.38990466,67678.676165,32746.957723,100546.02379,320.37333333
2021,ZH,,1.8062558357,1.2544351074,3.060690943,.2166666667,61.255220464,12267.06495,6260.0385553,18588.358726,46.182857143,61.255220464,12268.871206,6261.2929905,18591.419417,46.39952381
2021,BE,,,,,,8.7491789163,9328.2252353,4850.4764194,14187.450834,51.966190476,8.7491789163,9328.2252353,4850.4764194,14187.450834,51.966190476
2021,LU,,3.8305882353,9.832000000000001,13.662588235,.35,1.9285714286,3458.517108,1797.4792215,5257.9249009,17.646190476,1.9285714286,3462.3476962,1807.3112215,5271.5874891,17.996190476
2021,UR,,,,,,,344.63548761,169.68675865,514.32224626,.6428571429,,344.63548761,169.68675865,514.32224626,.6428571429
2021,SZ,,,,,,,1272.8477149,692.90003326,1965.7477482,3.69,,1272.8477149,692.90003326,1965.7477482,3.69
2021,OW,,,,,,,290.82440698,216.78154122,507.6059482,.9961904762,,290.82440698,216.78154122,507.6059482,.9961904762
2021,NW,,,,,,,310.19338058,169.29661976,479.49000033,3.5533333333,,310.19338058,169.29661976,479.49000033,3.5533333333
2021,GL,,,,,,,272.49038462,213.8525641,486.34294872,.2380952381,,272.49038462,213.8525641,486.34294872,.2380952381
2021,ZG,,,,,,.0457875458,725.89496151,427.55722436,1153.4979734,3.7328571429,.0457875458,725.89496151,427.55722436,1153.4979734,3.7328571429
2021,FR,,,,,,3.1058482359,2358.1275981,898.35322698,3259.5866733,4.1604761905,3.1058482359,2358.1275981,898.35322698,3259.5866733,4.1604761905
2021,SO,,,,,,,1984.2355524,1031.6759214,3015.9114738,10.411904762,,1984.2355524,1031.6759214,3015.9114738,10.411904762
2021,BS,,,,,,,2183.4574417,884.85806402,3068.3155057,2.1980952381,,2183.4574417,884.85806402,3068.3155057,2.1980952381
2021,BL,,,,,,,2250.3624344,1058.5464778,3308.9089123,11.52952381,,2250.3624344,1058.5464778,3308.9089123,11.52952381
2021,SH,,,,,,,823.39024582,435.03623376,1258.4264796,2.32,,823.39024582,435.03623376,1258.4264796,2.32
2021,AR,,,,,,,567.50146528,354.0130673,921.51453258,1.6733333333,,567.50146528,354.0130673,921.51453258,1.6733333333
2021,AI,,,,,,,102.4581589,61.400832639,163.85899154,.3476190476,,102.4581589,61.400832639,163.85899154,.3476190476
2021,SG,,15.791402715,7.6291208791,23.420523594,.0476190476,.1996336996,3660.3142749,1960.4476177,5620.9615264,21.478095238,.1996336996,3676.1056776,1968.0767386,5644.38205,21.525714286
2021,GR,,,,,,1.3852380952,1687.2981817,793.1524411300001,2481.835861,10.205714286,1.3852380952,1687.2981817,793.1524411300001,2481.835861,10.205714286
2021,AG,,,,,,7.4042307692,4478.2971893,2185.2448552,6670.9462753,29.229047619,7.4042307692,4478.2971893,2185.2448552,6670.9462753,29.229047619
2021,TG,,,,,,,1997.8293783,953.16057791,2950.9899563,17.643809524,,1997.8293783,953.16057791,2950.9899563,17.643809524
2021,TI,,,,,,19.584180403,3902.555815,1579.4194368,5501.5594322,11.23952381,19.584180403,3902.555815,1579.4194368,5501.5594322,11.23952381
2021,VD,,36.92243938,40.566494073,77.488933453,,14.243311163,5579.9414356,2641.4164846,8235.60123129999,10.733333333,14.243311163,5616.863875,2681.9829787,8313.0901648,10.733333333
2021,VS,,,,,,.1998087954,2486.9801379,1042.0591938,3529.2391405,8.5933333333,.1998087954,2486.9801379,1042.0591938,3529.2391405,8.5933333333
2021,NE,,,,,,2.8415092022,1559.1728439,744.47070281,2306.4850559,.579047619,2.8415092022,1559.1728439,744.47070281,2306.4850559,.579047619
2021,GE,,4.9995192308,8.213461538500001,13.212980769,,6.1155404514,2913.9962629,1360.1169067,4280.22871,22.4,6.1155404514,2918.9957821,1368.3303682,4293.4416908,22.4
2021,JU,,,,,,.0375457875,611.73161505,198.02286421,809.79202504,10.167619048,.0375457875,611.73161505,198.02286421,809.79202504,10.167619048
2021,CH,,63.350205397,67.49551159799989,130.84571699,.6142857143,127.09560496,67418.34366100001,32979.463842,100524.90311,303.55904762,127.09560496,67481.693866,33046.959354,100655.74883,304.17333333
2022,ZH,,1.9383974062,1.3862899491,3.3246873553,.1376190476,70.76004363600001,12364.881722,6521.5577481,18957.199513,53.885714286,70.76004363600001,12366.820119,6522.944038,18960.524201,54.023333333
2022,BE,,,,,,7.0973237738,8903.1430757,4718.2088922,13628.449292,48.543809524,7.0973237738,8903.1430757,4718.2088922,13628.449292,48.543809524
2022,LU,,4.0604761905,10.637142857,14.697619048,.2747619048,1.8452380952,3517.7159668,1826.0904564,5345.6516613,21.24,1.8452380952,3521.776443,1836.7275993,5360.3492804,21.514761905
2022,UR,,,,,,,353.22273224,168.36514037,521.58787261,.6571428571,,353.22273224,168.36514037,521.58787261,.6571428571
2022,SZ,,,,,,,1254.8111023,690.20277169,1945.013874,4.0547619048,,1254.8111023,690.20277169,1945.013874,4.0547619048
2022,OW,,,,,,,298.69399664,216.99079117,515.6847878,2.0285714286,,298.69399664,216.99079117,515.6847878,2.0285714286
2022,NW,,,,,,,314.83537815,176.65625404,491.49163219,3.5828571429,,314.83537815,176.65625404,491.49163219,3.5828571429
2022,GL,,,,,,,272.80494505,217.51327839,490.31822344,.370952381,,272.80494505,217.51327839,490.31822344,.370952381
2022,ZG,,,,,,,729.66168263,430.0730211,1159.7347037,4.5552380952,,729.66168263,430.0730211,1159.7347037,4.5552380952
2022,FR,,,,,,3.0025149025,2334.8574941,881.52740471,3219.3874137,4.2442857143,3.0025149025,2334.8574941,881.52740471,3219.3874137,4.2442857143
2022,SO,,,,,,,1995.2521075,1055.3235402,3050.5756477,13.429047619,,1995.2521075,1055.3235402,3050.5756477,13.429047619
2022,BS,,,,,,,2157.0964491,884.11913807,3041.2155872,1.3185714286,,2157.0964491,884.11913807,3041.2155872,1.3185714286
2022,BL,,,,,,,2208.9613446,1046.6581191,3255.6194637,11.05,,2208.9613446,1046.6581191,3255.6194637,11.05
2022,SH,,,,,,,828.25396122,434.37065715,1262.6246184,1.6285714286,,828.25396122,434.37065715,1262.6246184,1.6285714286
2022,AR,,,,,,,559.4888841,367.04431866,926.53320276,1.9828571429,,559.4888841,367.04431866,926.53320276,1.9828571429
2022,AI,,,,,,,120.12332624,63.518859734,183.64218598,.5214285714,,120.12332624,63.518859734,183.64218598,.5214285714
2022,SG,,13.753431373,5.4230392157,19.176470588,,.2433984055,3675.8191249,1991.1771812,5667.2397045,24.848095238,.2433984055,3689.5725562,1996.6002204,5686.4161751,24.848095238
2022,GR,,,,,,1.4244236049,1678.0173223,817.98408404,2497.42583,10.034285714,1.4244236049,1678.0173223,817.98408404,2497.42583,10.034285714
2022,AG,,,,,,9.6341575092,4499.5003785,2232.2131645,6741.3477006,33.748571429,9.6341575092,4499.5003785,2232.2131645,6741.3477006,33.748571429
2022,TG,,,,,,,1990.2461726,1004.5155817,2994.7617543,14.106666667,,1990.2461726,1004.5155817,2994.7617543,14.106666667
2022,TI,,,,,,17.353846154,3970.9387592,1632.5072802,5620.7998855,13.175714286,17.353846154,3970.9387592,1632.5072802,5620.7998855,13.175714286
2022,VD,,35.62608328,35.766515781,71.392599061,,15.663636932,5564.5922914,2652.1930844,8232.449012700001,8.166666666699991,15.663636932,5600.2183746,2687.9596002,8303.8416118,8.166666666699991
2022,VS,,,,,,,2584.0556686,1078.5680109,3662.6236796,7.8423809524,,2584.0556686,1078.5680109,3662.6236796,7.8423809524
2022,NE,,,,,,2.3855722326,1543.4398902,746.9904090700001,2292.8158715,2.2733333333,2.3855722326,1543.4398902,746.9904090700001,2292.8158715,2.2733333333
2022,GE,,6.3875,8.1908653846,14.578365385,,5.4164957741,2968.1878728,1388.94495,4362.5493186,18.555714286,5.4164957741,2974.5753728,1397.1358154,4377.127684,18.555714286
2022,JU,,,,,,.0668498168,574.7939083700001,192.16270807,767.02346626,7.7023809524,.0668498168,574.7939083700001,192.16270807,767.02346626,7.7023809524
2022,CH,,61.765888249,61.403853187,123.16974144,.4123809524,134.89350084,67263.395557,33435.476845,100833.7659,313.54761905,134.89350084,67325.16144500001,33496.880699,100956.93564,313.96
2023,ZH,,2.0387488329,1.5,3.5387488329,.1104761905,70.747583088,12418.339801,6780.0992339,19269.186618,52.18047619,70.747583088,12420.37855,6781.5992339,19272.725367,52.290952381
2023,BE,,,,,,6.1950458482,8928.1627094,4892.1735833,13826.531339,56.185238095,6.1950458482,8928.1627094,4892.1735833,13826.531339,56.185238095
2023,LU,,3.624099856,10.972155545,14.596255401,.0833333333,1.7124542125,3629.6932123,1915.2448859,5546.6505525,20.343333333,1.7124542125,3633.3173122,1926.2170414,5561.2468079,20.426666667
2023,UR,,,,,,,339.73262455,163.91409409,503.64671865,.7047619048,,339.73262455,163.91409409,503.64671865,.7047619048
2023,SZ,,,,,,,1254.0523921,718.94397744,1972.9963695,2.9985714286,,1254.0523921,718.94397744,1972.9963695,2.9985714286
2023,OW,,,,,,,323.96927092,235.17281604,559.14208695,2.0595238095,,323.96927092,235.17281604,559.14208695,2.0595238095
2023,NW,,,,,,,321.28223708,187.29244121,508.57467829,.6985714286,,321.28223708,187.29244121,508.57467829,.6985714286
2023,GL,,,,,,,287.84569597,224.27380952,512.1195054900001,.35,,287.84569597,224.27380952,512.1195054900001,.35
2023,ZG,,,,,,.0686813187,763.79860944,454.39703604,1218.2643268,4.5576190476,.0686813187,763.79860944,454.39703604,1218.2643268,4.5576190476
2023,FR,,,,,,3.4643258167,2371.0867388,906.1072976200001,3280.6583622,5.61,3.4643258167,2371.0867388,906.1072976200001,3280.6583622,5.61
2023,SO,,,,,,,2078.109919,1121.0056127,3199.1155318,15.358095238,,2078.109919,1121.0056127,3199.1155318,15.358095238
2023,BS,,,,,,,2171.0584799,923.28120897,3094.3396888,1.1514285714,,2171.0584799,923.28120897,3094.3396888,1.1514285714
2023,BL,,,,,,,2248.1396046,1082.3907896,3330.5303943,11.140952381,,2248.1396046,1082.3907896,3330.5303943,11.140952381
2023,SH,,,,,,,857.53883662,458.52602529,1316.0648619,1.9619047619,,857.53883662,458.52602529,1316.0648619,1.9619047619
2023,AR,,,,,,,580.3515753,377.16914749,957.52072278,.6676190476,,580.3515753,377.16914749,957.52072278,.6676190476
2023,AI,,,,,,,122.51477237,53.124732261,175.63950463,.5214285714,,122.51477237,53.124732261,175.63950463,.5214285714
2023,SG,,15.215686275,6.0901960784,21.305882353,,.1913919414,3853.2750883,2193.7251055,6047.1915857,27.29047619,.1913919414,3868.4907746,2199.8153015,6068.4974681,27.29047619
2023,GR,,,,,,1.8738335738,1684.8780445,880.70021924,2567.4520973,7.4204761905,1.8738335738,1684.8780445,880.70021924,2567.4520973,7.4204761905
2023,AG,,,,,,11.366648352,4627.5074596,2327.6551036,6966.5292116,39.36047619,11.366648352,4627.5074596,2327.6551036,6966.5292116,39.36047619
2023,TG,,,,,,,2058.9613223,1030.7492035,3089.7105258,14.473809524,,2058.9613223,1030.7492035,3089.7105258,14.473809524
2023,TI,,,,,,17.957362776,4139.0219385,1704.803953,5861.7832542,15.53952381,17.957362776,4139.0219385,1704.803953,5861.7832542,15.53952381
2023,VD,,34.9726117,32.844856513,67.817468213,,11.480802882,5469.7323794,2692.8302703,8174.0434526,11.863333333,11.480802882,5504.7049911,2725.6751268,8241.8609208,11.863333333
2023,VS,,,,,,,2740.7439214,1114.6901849,3855.4341063,9.5914285714,,2740.7439214,1114.6901849,3855.4341063,9.5914285714
2023,NE,,,,,,3.0192307692,1455.3937913,718.48655483,2176.8995769,.7657142857,3.0192307692,1455.3937913,718.48655483,2176.8995769,.7657142857
2023,GE,,6.5673076923,7.6793269231,14.246634615,,5.7669756873,3014.6238925,1394.8069385,4415.1978066,20.425238095,5.7669756873,3021.1912002,1402.4862654,4429.4444412,20.425238095
2023,JU,,,,,,.0668498168,593.34289052,214.46272483,807.8724651700001,9.86999999999999,.0668498168,593.34289052,214.46272483,807.8724651700001,9.86999999999999
2023,CH,,62.418454356,59.086535059,121.50498941,.1938095238,133.91118608,68333.157207,34766.02695,103233.09534,333.09,133.91118608,68395.575662,34825.113485,103354.60033,333.28380952
2024,ZH,,1.7973856209,1.5168067227,3.3141923436,.1076190476,76.569820194,12933.332751,7095.5403398,20105.442911,56.09047619,76.569820194,12935.130137,7097.0571465,20108.757103,56.198095238
2024,BE,,,,,,7.6961790587,9176.490967600001,5028.3110239,14212.49817,56.811904762,7.6961790587,9176.490967600001,5028.3110239,14212.49817,56.811904762
2024,LU,,4.9652380952,11.033809524,15.999047619,.1271428571,1.7124542125,3684.5294253,1955.710156,5641.9520355,23.957142857,1.7124542125,3689.4946634,1966.7439655,5657.9510831,24.084285714
2024,UR,,,,,,,338.86459061,165.35498846,504.21957907,.7219047619,,338.86459061,165.35498846,504.21957907,.7219047619
2024,SZ,,,,,,,1262.0533276,734.26722074,1996.3205483,2.9514285714,,1262.0533276,734.26722074,1996.3205483,2.9514285714
2024,OW,,,,,,,345.35630596,243.9561931,589.3124990600001,2.189047619,,345.35630596,243.9561931,589.3124990600001,2.189047619
2024,NW,,,,,,,340.16086724,200.93098111,541.09184835,.6914285714,,340.16086724,200.93098111,541.09184835,.6914285714
2024,GL,,,,,,,297.04690622,223.70942599,520.75633221,.6914285714,,297.04690622,223.70942599,520.75633221,.6914285714
2024,ZG,,,,,,,795.5527736499999,469.16202594,1264.7147996,4.3561904762,,795.5527736499999,469.16202594,1264.7147996,4.3561904762
2024,FR,,,,,,3.6204784622,2443.056474,949.97170151,3396.648654,5.8557142857,3.6204784622,2443.056474,949.97170151,3396.648654,5.8557142857
2024,SO,,,,,,,2124.1738228,1131.6948206,3255.8686434,14.729047619,,2124.1738228,1131.6948206,3255.8686434,14.729047619
2024,BS,,,,,,,2225.1053442,955.29203248,3180.3973767,1.25,,2225.1053442,955.29203248,3180.3973767,1.25
2024,BL,,,,,,,2354.7729147,1114.2188319,3468.9917467,11.476666667,,2354.7729147,1114.2188319,3468.9917467,11.476666667
2024,SH,,,,,,.2782608696,916.74733407,466.80176265,1383.8273576,1.2780952381,.2782608696,916.74733407,466.80176265,1383.8273576,1.2780952381
2024,AR,,,,,,,579.00693237,384.88267562,963.889608,1.8657142857,,579.00693237,384.88267562,963.889608,1.8657142857
2024,AI,,,,,,,124.7149997,51.748720003,176.4637197,.5238095238,,124.7149997,51.748720003,176.4637197,.5238095238
2024,SG,,15.901960784,6.6,22.501960784,,.0164835165,3986.0811613,2261.3615286,6247.4591734,28.00047619,.0164835165,4001.9831221,2267.9615286,6269.9611342,28.00047619
2024,GR,,,,,,1.6876923077,1745.5538208,892.78583134,2640.0273445,7.3876190476,1.6876923077,1745.5538208,892.78583134,2640.0273445,7.3876190476
2024,AG,,,,,,12.460274725,4779.334073,2409.8324961,7201.6268438,38.321428571,12.460274725,4779.334073,2409.8324961,7201.6268438,38.321428571
2024,TG,,,,,,,2124.6671625,1047.4061891,3172.0733516,16.48952381,,2124.6671625,1047.4061891,3172.0733516,16.48952381
2024,TI,,,,,,21.937019231,3977.2661401,1674.944391,5674.1475504,13.636666667,21.937019231,3977.2661401,1674.944391,5674.1475504,13.636666667
2024,VD,,34.562151286,31.904989744,66.46714102999999,,11.179223063,5578.4275435,2727.730442,8317.3372086,11.266190476,11.179223063,5612.9896948,2759.6354317,8383.804349599999,11.266190476
2024,VS,,,,,,.052581262,2829.0454958,1149.4574092,3978.5554862,11.198095238,.052581262,2829.0454958,1149.4574092,3978.5554862,11.198095238
2024,NE,,,,,,3.2667630645,1514.9021435,738.07557962,2256.2444862,.8114285714,3.2667630645,1514.9021435,738.07557962,2256.2444862,.8114285714
2024,GE,,6.76875,8.7461538462,15.514903846,,6.4581236682,3024.5706815,1380.9060602,4411.9348653,14.94,6.4581236682,3031.3394315,1389.652214,4427.4497692,14.94
2024,JU,,,,,,.143992674,648.42305189,229.5034309,878.07047547,13.175714286,.143992674,648.42305189,229.5034309,878.07047547,13.175714286
2024,CH,,63.995485787,59.801759836,123.79724562,.2347619048,147.07934631,70149.237011,35683.556258,105979.87262,340.66714286,147.07934631,70213.232497,35743.358018,106103.66986,340.90190476
