Periode,AG|Autres,AG|Etablissements médico-sociaux,AG|Hôpitaux (ambulatoire),AG|Hôpitaux (séjours),AG|Laboratoire cabinet médical,AG|Laboratoires,AG|Médecins (ambulatoire) sans laboratoire,AG|Médicaments (médecin),AG|Pharmacies,AG|Physiothérapeutes,AG|SPITEX (soins à domicile),AG|Total,AI|Autres,AI|Etablissements médico-sociaux,AI|Hôpitaux (ambulatoire),AI|Hôpitaux (séjours),AI|Laboratoire cabinet médical,AI|Laboratoires,AI|Médecins (ambulatoire) sans laboratoire,AI|Médicaments (médecin),AI|Pharmacies,AI|Physiothérapeutes,AI|SPITEX (soins à domicile),AI|Total,AR|Autres,AR|Etablissements médico-sociaux,AR|Hôpitaux (ambulatoire),AR|Hôpitaux (séjours),AR|Laboratoire cabinet médical,AR|Laboratoires,AR|Médecins (ambulatoire) sans laboratoire,AR|Médicaments (médecin),AR|Pharmacies,AR|Physiothérapeutes,AR|SPITEX (soins à domicile),AR|Total,BE|Autres,BE|Etablissements médico-sociaux,BE|Hôpitaux (ambulatoire),BE|Hôpitaux (séjours),BE|Laboratoire cabinet médical,BE|Laboratoires,BE|Médecins (ambulatoire) sans laboratoire,BE|Médicaments (médecin),BE|Pharmacies,BE|Physiothérapeutes,BE|SPITEX (soins à domicile),BE|Total,BL|Autres,BL|Etablissements médico-sociaux,BL|Hôpitaux (ambulatoire),BL|Hôpitaux (séjours),BL|Laboratoire cabinet médical,BL|Laboratoires,BL|Médecins (ambulatoire) sans laboratoire,BL|Médicaments (médecin),BL|Pharmacies,BL|Physiothérapeutes,BL|SPITEX (soins à domicile),BL|Total,BS|Autres,BS|Etablissements médico-sociaux,BS|Hôpitaux (ambulatoire),BS|Hôpitaux (séjours),BS|Laboratoire cabinet médical,BS|Laboratoires,BS|Médecins (ambulatoire) sans laboratoire,BS|Médicaments (médecin),BS|Pharmacies,BS|Physiothérapeutes,BS|SPITEX (soins à domicile),BS|Total,CH|Autres,CH|Etablissements médico-sociaux,CH|Hôpitaux (ambulatoire),CH|Hôpitaux (séjours),CH|Laboratoire cabinet médical,CH|Laboratoires,CH|Médecins (ambulatoire) sans laboratoire,CH|Médicaments (médecin),CH|Pharmacies,CH|Physiothérapeutes,CH|SPITEX (soins à domicile),CH|Total,FR|Autres,FR|Etablissements médico-sociaux,FR|Hôpitaux (ambulatoire),FR|Hôpitaux (séjours),FR|Laboratoire cabinet médical,FR|Laboratoires,FR|Médecins (ambulatoire) sans laboratoire,FR|Médicaments (médecin),FR|Pharmacies,FR|Physiothérapeutes,FR|SPITEX (soins à domicile),FR|Total,GE|Autres,GE|Etablissements médico-sociaux,GE|Hôpitaux (ambulatoire),GE|Hôpitaux (séjours),GE|Laboratoire cabinet médical,GE|Laboratoires,GE|Médecins (ambulatoire) sans laboratoire,GE|Médicaments (médecin),GE|Pharmacies,GE|Physiothérapeutes,GE|SPITEX (soins à domicile),GE|Total,GL|Autres,GL|Etablissements médico-sociaux,GL|Hôpitaux (ambulatoire),GL|Hôpitaux (séjours),GL|Laboratoire cabinet médical,GL|Laboratoires,GL|Médecins (ambulatoire) sans laboratoire,GL|Médicaments (médecin),GL|Pharmacies,GL|Physiothérapeutes,GL|SPITEX (soins à domicile),GL|Total,GR|Autres,GR|Etablissements médico-sociaux,GR|Hôpitaux (ambulatoire),GR|Hôpitaux (séjours),GR|Laboratoire cabinet médical,GR|Laboratoires,GR|Médecins (ambulatoire) sans laboratoire,GR|Médicaments (médecin),GR|Pharmacies,GR|Physiothérapeutes,GR|SPITEX (soins à domicile),GR|Total,JU|Autres,JU|Etablissements médico-sociaux,JU|Hôpitaux (ambulatoire),JU|Hôpitaux (séjours),JU|Laboratoire cabinet médical,JU|Laboratoires,JU|Médecins (ambulatoire) sans laboratoire,JU|Médicaments (médecin),JU|Pharmacies,JU|Physiothérapeutes,JU|SPITEX (soins à domicile),JU|Total,LU|Autres,LU|Etablissements médico-sociaux,LU|Hôpitaux (ambulatoire),LU|Hôpitaux (séjours),LU|Laboratoire cabinet médical,LU|Laboratoires,LU|Médecins (ambulatoire) sans laboratoire,LU|Médicaments (médecin),LU|Pharmacies,LU|Physiothérapeutes,LU|SPITEX (soins à domicile),LU|Total,NE|Autres,NE|Etablissements médico-sociaux,NE|Hôpitaux (ambulatoire),NE|Hôpitaux (séjours),NE|Laboratoire cabinet médical,NE|Laboratoires,NE|Médecins (ambulatoire) sans laboratoire,NE|Médicaments (médecin),NE|Pharmacies,NE|Physiothérapeutes,NE|SPITEX (soins à domicile),NE|Total,NW|Autres,NW|Etablissements médico-sociaux,NW|Hôpitaux (ambulatoire),NW|Hôpitaux (séjours),NW|Laboratoire cabinet médical,NW|Laboratoires,NW|Médecins (ambulatoire) sans laboratoire,NW|Médicaments (médecin),NW|Pharmacies,NW|Physiothérapeutes,NW|SPITEX (soins à domicile),NW|Total,OW|Autres,OW|Etablissements médico-sociaux,OW|Hôpitaux (ambulatoire),OW|Hôpitaux (séjours),OW|Laboratoire cabinet médical,OW|Laboratoires,OW|Médecins (ambulatoire) sans laboratoire,OW|Médicaments (médecin),OW|Pharmacies,OW|Physiothérapeutes,OW|SPITEX (soins à domicile),OW|Total,SG|Autres,SG|Etablissements médico-sociaux,SG|Hôpitaux (ambulatoire),SG|Hôpitaux (séjours),SG|Laboratoire cabinet médical,SG|Laboratoires,SG|Médecins (ambulatoire) sans laboratoire,SG|Médicaments (médecin),SG|Pharmacies,SG|Physiothérapeutes,SG|SPITEX (soins à domicile),SG|Total,SH|Autres,SH|Etablissements médico-sociaux,SH|Hôpitaux (ambulatoire),SH|Hôpitaux (séjours),SH|Laboratoire cabinet médical,SH|Laboratoires,SH|Médecins (ambulatoire) sans laboratoire,SH|Médicaments (médecin),SH|Pharmacies,SH|Physiothérapeutes,SH|SPITEX (soins à domicile),SH|Total,SO|Autres,SO|Etablissements médico-sociaux,SO|Hôpitaux (ambulatoire),SO|Hôpitaux (séjours),SO|Laboratoire cabinet médical,SO|Laboratoires,SO|Médecins (ambulatoire) sans laboratoire,SO|Médicaments (médecin),SO|Pharmacies,SO|Physiothérapeutes,SO|SPITEX (soins à domicile),SO|Total,SZ|Autres,SZ|Etablissements médico-sociaux,SZ|Hôpitaux (ambulatoire),SZ|Hôpitaux (séjours),SZ|Laboratoire cabinet médical,SZ|Laboratoires,SZ|Médecins (ambulatoire) sans laboratoire,SZ|Médicaments (médecin),SZ|Pharmacies,SZ|Physiothérapeutes,SZ|SPITEX (soins à domicile),SZ|Total,TG|Autres,TG|Etablissements médico-sociaux,TG|Hôpitaux (ambulatoire),TG|Hôpitaux (séjours),TG|Laboratoire cabinet médical,TG|Laboratoires,TG|Médecins (ambulatoire) sans laboratoire,TG|Médicaments (médecin),TG|Pharmacies,TG|Physiothérapeutes,TG|SPITEX (soins à domicile),TG|Total,TI|Autres,TI|Etablissements médico-sociaux,TI|Hôpitaux (ambulatoire),TI|Hôpitaux (séjours),TI|Laboratoire cabinet médical,TI|Laboratoires,TI|Médecins (ambulatoire) sans laboratoire,TI|Médicaments (médecin),TI|Pharmacies,TI|Physiothérapeutes,TI|SPITEX (soins à domicile),TI|Total,UR|Autres,UR|Etablissements médico-sociaux,UR|Hôpitaux (ambulatoire),UR|Hôpitaux (séjours),UR|Laboratoire cabinet médical,UR|Laboratoires,UR|Médecins (ambulatoire) sans laboratoire,UR|Médicaments (médecin),UR|Pharmacies,UR|Physiothérapeutes,UR|SPITEX (soins à domicile),UR|Total,VD|Autres,VD|Etablissements médico-sociaux,VD|Hôpitaux (ambulatoire),VD|Hôpitaux (séjours),VD|Laboratoire cabinet médical,VD|Laboratoires,VD|Médecins (ambulatoire) sans laboratoire,VD|Médicaments (médecin),VD|Pharmacies,VD|Physiothérapeutes,VD|SPITEX (soins à domicile),VD|Total,VS|Autres,VS|Etablissements médico-sociaux,VS|Hôpitaux (ambulatoire),VS|Hôpitaux (séjours),VS|Laboratoire cabinet médical,VS|Laboratoires,VS|Médecins (ambulatoire) sans laboratoire,VS|Médicaments (médecin),VS|Pharmacies,VS|Physiothérapeutes,VS|SPITEX (soins à domicile),VS|Total,ZG|Autres,ZG|Etablissements médico-sociaux,ZG|Hôpitaux (ambulatoire),ZG|Hôpitaux (séjours),ZG|Laboratoire cabinet médical,ZG|Laboratoires,ZG|Médecins (ambulatoire) sans laboratoire,ZG|Médicaments (médecin),ZG|Pharmacies,ZG|Physiothérapeutes,ZG|SPITEX (soins à domicile),ZG|Total,ZH|Autres,ZH|Etablissements médico-sociaux,ZH|Hôpitaux (ambulatoire),ZH|Hôpitaux (séjours),ZH|Laboratoire cabinet médical,ZH|Laboratoires,ZH|Médecins (ambulatoire) sans laboratoire,ZH|Médicaments (médecin),ZH|Pharmacies,ZH|Physiothérapeutes,ZH|SPITEX (soins à domicile),ZH|Total
2016Q1,28.82,40.19,142.16,211.28,17.5,19.58,183.55,28.13,135.71,27.96,16.61,851.47,26.97,51.69,101.73,193.83,15.4,14.49,135.87,85.97,28.2,16.79,22.98,693.92,25.52,66.49,131.13,234.51,15.34,16.21,162.88,89.8,37.79,23.67,15.45,818.78,35.71,73.62,178.01,213.99,19.37,24.21,207.9,73.15,102.61,26.68,35.05,990.3,30.44,41.77,191.1,257.35,18.54,26.19,247.49,85.93,104.24,37.49,20.77,1061.31,37.56,64.01,215.6,289.09,16.23,27.67,240.88,26.44,188.35,36.08,37.14,1179.06,33.06,56.19,167.29,203.87,16.72,26.77,220.3,57.9,114.51,29.28,24.55,950.45,36.08,54.91,156.6,209.57,15.7,28.74,213.89,20.99,153.54,23.38,20.5,933.89,35.74,55.91,198.04,191.0,9.21,54.23,353.68,16.56,192.69,34.2,28.74,1169.99,29.9,62.12,165.73,197.88,17.94,20.63,158.76,121.53,32.82,31.85,15.13,854.29,28.16,50.93,142.27,142.59,17.17,20.31,161.33,52.37,95.37,23.78,20.5,754.77,34.5,73.54,201.05,210.94,13.08,23.58,194.71,21.83,179.82,22.11,45.04,1020.19,31.0,62.61,184.64,188.29,16.38,20.33,163.9,98.6,38.5,25.77,19.92,849.92,47.23,75.83,194.64,186.69,9.35,44.67,217.62,27.44,192.86,24.47,27.14,1047.94,35.49,50.36,172.6,185.94,14.22,20.66,148.44,85.02,36.71,23.23,17.16,789.83,29.41,48.4,186.73,179.33,14.85,21.32,140.63,101.06,31.35,28.13,19.29,800.5,28.2,46.84,132.2,216.12,16.55,18.0,178.99,101.47,39.48,28.21,16.79,822.84,27.74,54.52,113.44,183.36,18.08,17.81,175.37,61.17,111.41,33.83,21.04,817.76,33.09,47.15,193.03,233.86,18.36,22.56,198.49,97.19,78.56,28.03,23.56,973.88,27.41,47.22,144.4,189.43,21.65,24.88,199.73,103.85,35.28,26.59,15.74,836.19,28.74,43.47,153.67,216.5,15.06,16.88,160.9,86.52,43.69,32.55,20.65,818.64,40.03,92.23,145.86,210.22,21.35,32.47,240.32,18.49,194.95,37.68,35.67,1069.25,29.01,64.9,166.84,195.72,14.13,11.16,122.44,87.51,18.69,18.51,14.61,743.51,38.26,61.17,207.34,171.01,13.08,36.36,258.28,12.85,182.87,28.34,36.97,1046.53,34.63,60.46,184.86,170.35,17.53,23.06,207.18,17.63,166.37,27.24,14.78,924.12,25.93,42.63,147.11,175.42,17.4,29.33,199.73,87.93,40.67,30.09,13.93,810.17,30.77,45.93,144.71,205.74,18.18,25.18,246.5,76.99,88.64,31.15,19.76,933.54
2016Q2,28.92,40.06,135.72,210.19,17.02,19.45,179.05,25.55,137.68,26.8,17.07,837.51,26.14,49.34,122.26,207.65,15.8,13.93,133.26,90.47,23.34,17.26,18.46,717.9,27.57,63.38,168.8,220.56,16.01,16.83,167.21,90.69,34.86,22.26,15.31,843.48,35.58,70.67,177.34,217.65,18.96,23.56,198.09,70.25,100.69,25.94,35.27,974.01,30.53,41.71,193.1,260.39,18.78,26.75,245.66,84.25,105.49,36.94,23.97,1067.57,35.45,62.59,211.25,305.16,16.25,27.64,239.44,26.79,184.91,38.11,35.04,1182.61,32.14,54.01,175.65,209.02,16.38,26.15,213.25,57.19,112.27,28.28,24.8,949.15,33.61,50.69,170.02,169.62,14.39,26.32,190.99,19.53,141.1,22.27,18.23,856.78,35.17,54.95,204.51,172.29,8.41,52.63,340.09,15.68,187.39,33.79,29.48,1134.37,24.49,61.33,172.01,208.05,18.06,21.04,158.73,114.72,33.04,30.9,14.45,856.83,28.36,51.58,157.22,223.31,17.68,20.74,163.16,53.35,101.88,23.55,20.5,861.33,31.12,73.65,188.08,245.33,11.95,22.24,187.48,20.97,170.13,20.7,43.57,1015.22,29.46,58.36,170.13,177.35,16.38,19.73,162.62,96.9,35.79,24.67,19.16,810.55,43.0,87.47,167.36,167.14,7.79,41.58,191.08,27.65,182.68,24.9,38.96,979.6,31.02,49.39,171.32,189.32,15.14,18.91,152.3,89.08,35.2,21.58,16.48,789.74,28.34,48.44,207.88,180.59,16.35,21.13,144.33,104.31,30.86,26.91,17.93,827.06,27.6,47.44,164.87,203.7,17.38,17.99,184.63,105.01,38.78,27.57,16.52,851.48,28.58,53.8,130.94,203.4,17.34,18.36,174.99,63.34,109.17,32.26,20.86,853.04,33.01,45.35,194.97,242.94,17.99,22.2,190.57,92.71,78.74,26.63,22.94,968.04,27.02,43.33,147.98,207.97,22.2,24.68,197.28,104.58,34.25,26.27,14.49,850.04,28.66,44.13,169.29,212.13,15.92,17.53,163.53,89.5,44.19,32.2,20.83,837.92,38.42,72.35,183.72,213.94,20.84,32.66,245.39,17.53,185.48,36.68,33.3,1080.29,25.35,56.34,168.55,189.89,15.76,12.14,127.3,91.64,18.77,20.04,14.33,740.1,34.9,58.53,252.31,201.34,11.24,33.55,232.15,11.54,176.55,25.95,38.4,1076.46,32.91,54.27,169.15,211.35,16.35,21.9,189.78,16.37,161.42,25.54,15.48,914.51,27.11,40.91,131.84,175.89,16.86,28.67,190.69,82.88,46.61,28.42,12.62,782.5,30.59,45.28,151.14,211.48,18.29,25.32,244.58,77.49,89.48,29.83,19.79,943.28
2016Q3,30.44,39.46,211.41,203.23,15.08,17.72,162.97,26.02,131.3,25.41,16.08,879.11,28.57,44.81,123.52,172.28,13.39,13.22,120.73,84.49,28.84,16.19,19.04,665.1,27.47,62.78,151.93,216.21,14.36,15.22,152.57,87.9,32.2,20.81,14.27,795.74,37.72,68.67,172.35,205.93,17.2,21.76,186.12,67.19,99.99,24.67,34.3,935.91,31.45,42.5,189.73,247.9,16.03,23.64,218.77,81.59,101.9,35.15,23.82,1012.47,37.95,63.84,215.72,283.75,13.86,24.45,213.9,25.14,180.08,35.64,35.6,1129.91,33.59,54.26,178.36,198.8,14.47,23.37,194.79,55.84,106.82,26.6,24.27,911.18,35.45,51.41,166.85,163.49,13.11,23.6,180.95,18.83,132.85,20.82,17.93,825.3,36.73,53.78,193.2,189.79,7.22,43.71,291.48,14.13,173.82,31.05,29.7,1064.6,24.35,60.74,170.33,172.31,15.49,17.63,145.98,109.53,32.01,26.56,14.8,789.73,27.68,51.26,152.62,186.42,15.31,19.15,149.19,52.64,98.45,21.84,20.48,795.05,34.02,67.85,212.56,220.51,10.6,20.71,167.68,21.22,165.73,20.36,40.19,981.42,31.28,59.77,184.87,179.33,14.37,19.29,150.15,95.46,36.16,23.08,19.51,813.26,43.98,83.46,196.26,195.92,7.28,38.14,176.67,25.64,173.98,21.89,30.91,994.14,33.4,48.75,182.09,161.08,12.82,19.78,140.69,86.4,32.65,20.21,15.48,753.34,27.61,46.91,193.26,177.52,14.02,20.6,128.37,102.58,29.81,24.76,17.19,782.62,28.3,47.36,154.37,199.97,15.42,16.2,168.8,101.89,38.79,25.38,16.57,813.05,32.33,59.85,172.69,250.29,15.17,16.34,168.63,60.44,113.34,30.21,21.2,940.49,34.34,45.85,202.57,217.87,16.33,18.29,182.57,92.21,76.02,25.84,24.19,936.07,25.94,42.19,150.29,176.9,19.26,22.12,183.76,103.44,32.66,23.58,14.97,795.1,29.28,42.9,157.27,196.92,13.7,15.66,148.95,86.77,42.76,29.24,19.45,782.9,39.25,88.28,167.11,189.86,17.59,28.19,211.81,17.78,176.01,32.24,36.22,1004.35,31.81,57.06,169.14,191.18,13.41,12.38,114.16,89.9,18.85,17.75,13.6,729.24,37.06,57.27,224.66,190.29,10.07,28.96,212.61,11.08,160.71,25.52,36.03,994.25,35.24,54.75,164.27,191.1,13.92,18.76,170.57,15.18,148.26,24.01,13.96,850.03,28.63,40.55,147.11,167.3,14.79,26.32,174.99,82.54,49.58,26.53,13.2,771.55,31.69,45.58,152.84,196.48,16.33,23.43,226.92,76.75,85.1,28.65,19.8,903.58
2016Q4,32.43,37.4,210.11,204.6,16.55,20.35,177.39,27.5,136.01,26.98,16.46,905.78,28.73,45.68,122.96,172.88,16.47,13.68,140.76,96.29,25.35,13.78,16.7,693.28,29.38,60.7,147.0,223.01,15.6,15.65,164.25,91.42,37.61,21.72,15.44,821.79,36.12,71.29,177.79,226.34,17.93,24.25,197.5,70.18,103.04,25.33,33.53,983.29,36.82,40.92,190.5,252.19,17.87,27.71,242.93,85.25,105.14,36.08,21.4,1056.81,45.7,57.47,224.54,305.33,15.53,29.08,235.75,26.2,186.88,36.93,33.03,1196.44,33.17,52.35,181.44,207.9,15.81,26.68,211.56,59.32,111.87,28.0,24.39,952.48,35.76,49.37,159.11,167.34,13.91,26.12,193.1,20.76,139.7,22.01,17.96,845.15,34.62,53.12,193.12,232.32,9.69,51.25,335.14,15.84,184.08,33.97,30.93,1174.09,23.46,55.61,172.93,210.24,16.06,19.59,143.88,109.27,36.87,28.32,14.63,830.87,-1.07,48.9,161.79,189.41,17.0,21.91,170.99,55.6,113.66,25.91,22.49,826.61,32.19,66.7,184.11,246.15,11.82,22.3,177.05,23.08,173.74,20.98,43.26,1001.4,31.41,56.6,185.33,174.55,15.66,21.01,156.94,98.38,35.95,23.57,19.33,818.73,47.5,80.22,186.73,201.38,7.61,42.51,191.7,27.36,186.31,23.78,31.72,1026.81,32.1,48.04,184.5,162.48,15.18,20.52,149.0,98.64,32.71,22.56,16.26,782.0,24.43,44.9,193.92,172.25,14.11,21.89,134.05,102.7,30.95,25.51,14.98,779.7,29.46,45.71,146.07,200.55,17.25,18.17,185.77,111.08,40.71,26.77,16.08,837.64,41.92,53.22,218.97,211.11,17.67,18.96,185.6,66.03,109.27,32.29,22.13,977.15,32.31,50.19,210.14,225.57,17.35,25.17,187.49,94.44,75.16,25.94,23.34,967.09,26.78,40.83,155.76,175.84,21.36,24.2,196.41,109.87,34.78,25.65,14.17,825.65,31.61,41.7,171.48,200.86,15.62,17.82,165.75,94.32,46.33,32.27,18.18,835.95,36.75,79.78,166.06,196.32,18.78,34.02,228.89,19.13,179.2,35.87,34.37,1029.19,30.76,57.9,177.73,204.65,14.46,13.18,126.15,95.3,19.48,18.92,13.31,771.84,37.05,52.29,223.38,191.11,11.03,32.88,232.0,13.05,173.16,25.71,39.88,1031.55,33.1,50.79,172.61,184.96,13.75,20.71,173.62,15.17,151.35,23.07,14.71,853.82,27.66,38.6,125.83,164.62,15.99,29.79,189.18,85.28,50.34,27.95,10.81,766.03,31.76,43.8,164.86,212.3,17.95,26.45,246.92,82.22,89.76,30.52,19.86,966.41
2017Q1,30.34,37.54,194.24,206.71,18.3,20.24,192.6,29.53,140.6,29.56,18.28,917.95,27.69,47.61,110.93,183.81,15.32,14.22,137.36,94.57,25.56,15.09,19.54,691.71,29.25,63.9,130.57,218.44,16.5,17.39,166.08,92.39,33.84,22.74,15.37,806.47,38.9,69.16,188.99,213.57,20.82,25.26,218.04,76.53,106.98,27.09,37.26,1022.61,35.67,44.57,204.13,262.27,20.21,28.54,263.45,91.75,107.27,38.77,24.1,1120.72,40.84,72.11,230.15,292.26,18.05,29.89,258.58,28.6,196.55,38.56,39.68,1245.28,35.41,56.81,183.63,204.05,17.92,27.87,230.99,62.21,118.13,31.27,27.01,995.3,40.03,58.75,165.88,205.04,17.14,29.31,225.17,22.31,154.88,25.5,19.82,963.82,40.9,56.7,224.11,198.57,11.55,54.18,382.94,17.03,196.51,39.41,33.15,1255.05,28.09,64.84,184.75,212.24,19.7,20.64,168.63,128.11,36.96,33.16,15.54,912.66,29.17,54.67,163.92,163.83,17.53,22.19,161.01,56.36,103.6,27.69,21.95,821.92,38.66,75.27,214.28,264.79,14.08,26.65,208.65,26.47,184.48,24.16,40.84,1118.31,30.96,64.78,208.27,181.92,17.5,21.68,172.58,105.41,39.36,27.26,22.23,891.96,51.82,86.21,194.39,167.1,10.2,46.29,229.31,27.69,196.41,28.89,33.94,1072.25,34.61,55.41,184.61,165.12,15.98,21.76,159.27,95.03,40.46,23.95,18.75,814.95,31.83,50.8,189.32,159.02,16.85,22.64,144.92,106.59,29.58,28.55,17.56,797.65,29.3,49.11,147.79,218.49,17.89,19.28,188.96,109.37,42.55,29.78,17.95,870.47,31.03,54.03,212.36,237.52,18.67,18.48,184.45,68.92,121.49,33.89,22.93,1003.77,33.06,50.76,215.6,222.2,19.61,23.66,204.69,101.59,82.67,29.43,25.0,1008.29,28.28,46.51,160.98,196.75,23.13,25.77,210.74,113.25,37.4,28.08,16.69,887.58,29.0,44.72,163.65,207.87,16.48,18.4,170.29,94.23,46.78,35.23,22.01,848.66,43.4,88.74,136.69,176.07,21.45,35.04,241.37,19.98,197.17,40.82,41.01,1041.75,32.4,64.17,173.53,204.33,15.59,12.55,128.57,93.32,18.33,21.08,14.7,778.58,41.96,61.24,233.38,184.9,13.62,36.09,265.69,14.54,186.08,31.38,40.71,1109.61,39.45,61.11,180.16,192.48,18.27,23.78,219.45,19.35,173.37,28.85,17.61,973.88,27.4,42.74,139.0,171.38,18.31,30.42,201.15,90.77,53.61,31.37,14.07,820.23,31.49,47.73,152.14,201.27,19.62,26.64,258.03,84.95,90.64,32.82,22.82,968.14
2017Q2,27.11,37.93,181.25,197.08,16.55,19.4,173.9,27.24,139.16,27.72,17.09,864.44,24.62,45.67,124.85,185.04,15.37,13.61,123.7,84.26,23.64,14.32,19.11,674.19,26.49,62.47,179.0,202.31,15.55,16.29,159.84,87.8,32.04,20.36,16.67,818.82,35.55,67.33,174.93,215.05,19.33,23.71,198.52,72.2,104.71,25.62,34.35,971.31,34.34,42.37,192.51,238.43,17.53,26.85,232.88,84.77,100.36,35.98,22.08,1028.11,40.83,65.72,216.97,280.91,15.35,27.81,226.25,24.86,181.58,36.72,36.81,1153.8,31.61,52.77,183.22,200.36,16.36,26.04,210.96,58.33,111.68,28.59,25.18,945.11,34.4,48.76,202.24,148.86,14.97,26.8,200.26,20.65,141.15,22.65,18.7,879.44,32.22,53.34,202.39,207.98,10.26,48.76,331.65,14.74,185.31,34.14,30.72,1151.51,22.52,59.79,167.51,182.21,16.74,19.45,152.94,112.74,34.41,30.47,14.36,813.15,19.27,52.96,165.53,215.89,17.2,22.77,165.8,55.66,109.3,25.96,23.14,873.5,31.81,72.17,214.51,224.79,11.34,24.25,177.83,20.03,168.04,21.18,44.97,1010.92,29.76,57.67,183.55,175.66,16.37,21.51,161.72,99.38,36.11,25.44,21.13,828.3,44.16,79.51,222.78,181.45,8.07,41.56,188.51,27.46,179.29,24.4,34.09,1031.28,22.08,49.24,188.13,169.1,15.99,20.42,155.23,96.8,40.5,22.4,16.77,796.65,21.38,46.27,220.74,176.42,17.31,22.9,144.86,111.18,29.05,26.76,17.23,834.13,26.59,47.78,161.25,209.62,17.17,18.64,179.87,104.52,40.03,27.15,16.5,849.12,41.25,59.08,158.21,195.03,16.94,17.83,175.26,63.39,106.84,31.36,22.9,888.09,29.59,45.73,201.8,205.27,18.24,22.75,188.84,93.62,77.95,27.67,21.6,933.05,27.2,41.85,153.03,180.58,21.69,24.5,198.08,106.21,32.39,26.2,14.85,826.57,30.11,42.07,163.56,191.76,15.06,17.46,158.22,87.9,45.42,31.22,20.07,802.86,38.2,79.48,224.41,245.84,22.09,36.04,257.53,18.57,180.65,37.23,39.2,1179.26,24.25,57.23,171.26,195.12,16.38,13.64,132.15,99.68,19.19,20.47,14.48,763.85,34.96,53.54,253.17,177.88,11.52,30.85,233.97,13.15,172.2,27.72,37.67,1046.63,34.46,52.47,144.19,201.52,15.36,22.07,187.31,16.78,162.49,26.57,15.42,878.65,24.11,37.92,144.52,162.62,16.75,30.07,187.94,82.26,55.1,28.13,12.58,782.02,29.2,44.89,147.94,193.64,17.93,24.97,239.08,79.89,86.29,30.09,21.07,915.0
2017Q3,30.37,37.21,180.4,184.7,15.17,18.79,167.03,27.6,129.59,25.96,17.41,834.21,22.44,43.49,129.54,141.21,14.75,12.9,124.8,91.25,21.22,12.94,17.18,631.73,26.21,58.36,171.66,201.67,14.17,15.85,151.02,87.17,34.8,20.79,14.51,796.2,36.77,70.01,168.43,196.02,17.27,23.48,187.89,70.38,101.97,25.32,35.97,933.51,34.6,42.45,187.14,246.48,16.11,24.93,223.38,85.31,101.26,34.92,23.96,1020.55,46.29,70.36,218.79,281.51,14.42,26.33,217.79,26.14,180.83,34.08,37.08,1153.62,33.38,53.46,178.75,187.9,14.88,24.74,197.89,58.56,107.74,27.43,25.43,910.14,35.69,52.57,169.12,144.67,13.49,24.52,182.96,20.66,135.47,21.17,19.37,819.7,37.02,52.18,198.09,200.86,9.61,45.29,301.6,15.25,170.9,32.75,30.42,1093.97,25.42,56.67,171.37,219.76,14.7,18.54,142.04,108.38,34.53,29.93,15.23,836.57,33.33,52.1,153.62,179.15,15.14,21.26,149.05,53.23,103.73,23.69,21.16,805.47,35.67,73.02,190.74,228.33,11.03,21.44,174.52,24.0,159.89,19.48,41.07,979.18,30.79,58.74,169.63,172.97,14.7,20.49,152.26,100.32,39.74,23.68,20.78,804.1,45.53,84.42,199.73,155.7,8.3,39.57,180.73,27.56,173.2,24.26,33.62,972.63,31.75,49.17,184.57,179.21,13.41,19.72,144.52,94.77,39.2,21.44,17.67,795.44,29.54,46.77,195.79,169.58,14.96,21.17,133.25,107.85,29.98,25.73,15.7,790.31,28.13,45.46,167.37,194.55,15.24,17.47,166.8,105.48,39.29,26.0,16.77,822.56,33.57,54.68,177.86,214.45,15.69,17.32,161.29,61.46,113.6,30.93,21.44,902.28,29.95,51.5,190.64,190.77,16.49,21.44,180.62,93.7,79.93,25.8,23.98,904.81,27.64,41.98,144.04,165.31,19.59,23.12,188.84,108.72,34.84,25.27,15.14,794.5,28.42,43.51,164.85,191.43,14.13,16.99,151.16,89.07,45.32,30.87,20.57,796.32,39.7,77.18,168.18,190.5,17.54,29.36,216.02,19.76,175.7,35.01,37.77,1006.71,23.44,56.9,158.41,153.06,13.92,12.72,115.0,91.68,18.57,17.33,14.6,675.62,38.31,55.69,218.68,178.11,11.31,29.67,215.17,13.66,162.42,26.65,36.33,986.0,35.01,51.73,214.76,159.37,14.03,19.37,172.06,15.87,147.25,24.16,16.98,870.59,25.44,38.85,142.31,161.73,14.74,28.73,175.05,82.8,53.29,26.14,13.27,762.34,29.07,44.93,162.21,183.06,16.58,24.98,232.21,81.11,85.75,29.52,21.51,910.94
2017Q4,27.1,38.95,206.1,203.93,17.7,21.76,190.28,30.92,142.76,30.03,18.51,928.06,24.24,51.13,124.91,155.28,17.37,14.11,141.91,94.27,30.96,16.5,10.65,681.33,28.75,65.17,163.17,214.77,16.3,16.78,179.17,95.34,34.74,23.56,14.05,851.81,35.92,64.07,183.12,241.96,18.88,25.43,206.14,73.02,110.13,27.37,35.77,1021.81,40.82,43.95,192.7,255.68,18.71,28.81,252.97,90.4,107.8,38.92,24.39,1095.16,53.45,69.16,219.92,297.42,16.41,30.02,242.78,27.1,192.37,39.86,36.45,1224.93,34.45,55.18,189.43,204.64,17.02,28.44,225.63,63.08,116.11,31.27,26.85,992.08,36.46,54.69,182.53,152.21,15.48,28.13,208.35,22.46,140.45,24.4,20.29,885.44,37.36,60.17,209.66,218.43,12.16,55.28,367.39,19.26,191.17,39.02,32.55,1242.46,29.29,57.02,186.75,167.6,17.62,21.1,163.38,122.57,39.15,34.83,17.52,856.85,29.35,52.51,173.28,185.2,17.4,24.58,170.33,57.18,108.2,27.21,20.98,866.22,32.62,71.57,203.92,230.65,12.47,25.03,191.47,24.64,170.34,23.4,46.19,1032.3,31.46,58.92,179.42,157.36,15.97,22.49,166.83,104.22,40.26,25.36,19.88,822.17,46.85,83.01,205.54,196.8,9.22,45.36,207.1,29.22,186.12,27.92,37.45,1074.58,30.26,50.11,187.54,159.1,14.85,23.18,155.66,96.87,40.48,23.22,17.31,798.6,28.74,46.27,199.79,156.57,15.19,22.79,141.27,106.16,29.99,26.36,15.99,789.12,28.6,47.87,161.0,202.59,17.58,20.04,191.34,114.53,41.98,29.42,17.23,872.18,50.42,57.44,174.48,197.72,17.46,20.41,186.94,68.25,113.15,35.68,22.69,944.64,32.22,46.91,224.05,221.17,18.56,24.12,197.97,100.35,83.25,28.89,24.23,1001.74,26.96,44.77,151.51,172.34,21.85,26.81,207.99,115.86,37.28,27.26,15.24,847.87,35.07,41.51,180.9,199.88,16.25,19.79,172.16,96.63,50.14,34.63,20.22,867.17,40.22,89.6,180.85,207.62,19.99,37.22,247.38,21.9,190.32,42.3,41.56,1118.96,24.51,59.89,169.41,166.54,15.86,14.35,134.46,100.74,20.87,19.76,12.89,739.28,39.36,63.02,248.01,187.27,13.64,33.48,252.66,15.39,175.48,31.3,44.93,1104.55,36.71,57.91,178.65,194.17,15.26,22.59,198.08,18.28,157.25,27.46,18.36,924.73,26.22,40.49,135.87,146.44,17.36,32.48,203.28,90.58,59.57,29.38,12.79,794.47,31.14,46.21,168.9,201.3,19.15,28.57,263.23,88.24,92.81,33.82,22.12,995.5
2018Q1,29.31,38.67,168.3,189.75,17.37,21.39,181.94,29.69,143.88,28.89,19.51,868.69,24.89,48.78,124.77,140.6,15.31,14.48,123.11,88.01,25.72,14.47,25.17,645.3,28.34,59.28,137.25,191.16,16.33,16.68,162.38,93.6,34.9,22.27,17.67,779.86,39.2,75.76,183.62,203.67,20.42,25.85,209.78,75.47,112.27,27.26,38.0,1011.31,35.58,44.1,176.77,247.91,19.82,28.66,249.23,92.16,112.3,39.33,27.05,1072.92,36.02,69.02,208.39,295.57,18.62,30.41,254.13,28.72,201.83,40.69,40.3,1223.7,35.01,55.75,165.71,189.41,17.69,27.86,220.88,61.54,120.55,31.16,28.21,953.75,40.74,53.2,152.29,184.1,17.03,28.79,217.37,22.73,159.49,24.97,21.63,922.35,38.75,50.35,182.63,184.71,12.47,51.68,366.95,18.1,199.48,37.92,33.83,1176.88,32.67,57.14,165.65,199.42,17.4,20.66,151.27,112.74,39.13,29.88,16.55,842.52,30.27,53.87,147.79,155.2,17.37,24.19,156.69,54.75,109.59,27.79,23.89,801.41,37.48,74.06,195.04,251.62,13.61,24.74,194.04,23.86,184.04,22.65,47.85,1068.99,32.26,63.01,121.74,140.27,16.65,22.96,163.44,102.06,44.3,27.46,23.74,757.89,51.35,86.66,215.05,204.85,10.94,44.77,224.53,27.73,193.23,27.42,36.77,1123.3,31.38,50.27,153.68,165.53,15.76,22.06,151.77,102.4,41.87,22.99,22.65,780.34,31.31,48.8,166.63,146.95,17.47,24.4,143.43,111.96,34.88,30.06,19.18,775.09,30.28,47.38,134.55,190.17,17.53,20.24,178.97,106.01,44.55,30.12,19.29,819.09,32.25,56.06,150.16,199.85,19.17,20.13,176.66,68.49,119.11,34.3,22.62,898.78,34.7,54.53,202.9,200.82,18.75,24.39,194.34,98.33,84.29,29.82,25.96,968.83,29.75,47.7,129.92,168.95,21.41,27.76,199.46,108.97,39.78,29.47,17.59,820.76,29.57,46.91,156.69,191.74,16.07,19.5,164.81,92.37,51.7,33.22,22.53,825.1,44.38,78.68,102.94,215.43,21.37,35.81,245.3,21.81,200.64,42.74,41.62,1050.73,24.16,59.53,162.31,154.91,16.56,13.98,127.47,94.78,19.45,18.89,15.94,707.98,40.06,53.55,203.37,186.26,14.51,31.93,251.73,14.31,182.38,30.05,41.16,1049.31,38.49,62.23,183.02,188.57,18.01,22.8,205.25,19.13,172.0,30.05,19.55,959.11,28.27,42.71,113.83,145.89,17.22,33.16,196.85,88.22,61.62,30.89,14.5,773.17,30.57,47.09,156.77,171.59,19.1,27.4,246.77,84.54,93.88,33.14,24.14,934.99
2018Q2,28.5,36.67,191.17,179.8,17.44,21.05,178.84,29.35,138.74,29.44,18.67,869.69,25.14,44.23,113.03,190.17,16.64,14.39,127.76,89.12,27.48,13.59,16.69,678.22,28.28,55.1,132.57,195.07,17.29,17.16,169.56,94.49,38.56,21.65,16.7,786.45,37.19,67.16,188.67,196.41,19.83,25.1,200.26,74.39,108.09,26.57,38.26,981.95,32.28,42.39,202.29,234.97,19.3,28.19,238.77,86.56,104.92,39.07,27.03,1055.78,32.37,69.34,251.04,281.22,17.33,30.67,246.82,28.02,197.54,40.53,39.84,1234.71,32.33,53.05,177.59,179.73,17.36,27.44,214.03,60.88,114.2,30.49,27.12,934.22,36.34,52.95,188.49,140.29,16.17,27.85,204.27,22.66,143.21,24.28,20.82,877.32,33.74,60.49,228.82,190.97,11.54,50.78,348.6,17.52,190.65,39.47,31.73,1204.31,29.56,55.15,160.49,190.82,17.62,21.24,150.53,110.19,37.83,33.28,17.16,823.88,28.66,51.0,167.24,178.84,18.1,24.33,163.25,56.6,108.94,27.02,22.6,846.57,32.66,69.18,198.53,217.76,12.12,22.99,180.79,22.13,168.71,22.99,44.33,992.19,30.05,53.59,90.86,119.46,16.95,22.17,163.21,99.82,40.87,25.91,20.64,683.53,45.44,80.01,185.17,182.18,9.21,42.82,199.68,28.61,183.2,26.5,35.16,1017.98,29.64,46.13,132.37,152.37,15.78,21.76,152.4,96.68,37.6,24.69,18.43,727.86,27.87,42.77,155.95,144.48,18.1,22.05,146.99,108.48,31.03,28.01,17.7,743.42,28.15,43.95,117.0,181.62,17.84,20.08,182.04,108.22,41.37,29.15,18.45,787.87,30.08,58.41,126.75,198.57,17.86,18.68,171.9,74.44,110.62,34.3,24.58,866.18,31.45,45.98,209.12,197.75,18.7,23.99,187.97,93.48,81.24,28.58,25.56,943.83,28.77,41.41,122.87,166.74,24.1,25.96,203.28,113.84,36.48,27.79,14.96,806.2,26.42,43.84,169.51,185.81,16.35,18.79,162.16,90.94,48.27,32.19,21.46,815.73,42.69,75.86,197.63,200.64,22.59,37.35,256.16,21.23,189.64,41.9,42.99,1128.66,24.15,52.57,158.23,195.79,17.19,13.97,126.03,90.74,20.54,19.08,14.45,732.72,36.74,59.57,244.77,164.99,13.04,31.85,233.35,14.7,171.14,30.18,40.33,1040.65,35.3,56.26,147.33,178.97,16.07,22.72,189.88,19.43,161.51,28.24,18.96,874.67,20.97,38.81,116.03,139.37,17.13,31.16,195.15,86.12,57.38,28.34,13.29,743.76,28.37,43.75,157.38,166.13,18.94,27.2,240.99,83.22,89.0,31.57,21.84,908.4
2018Q3,28.95,39.31,184.88,174.69,15.78,20.43,167.94,29.53,135.84,27.48,19.58,844.4,25.82,45.12,160.51,195.32,14.8,15.35,125.33,84.35,19.79,14.54,18.16,719.09,28.13,65.95,190.87,205.76,15.39,16.88,160.07,87.95,34.94,20.67,17.35,843.97,37.32,63.78,173.31,203.92,18.05,23.89,187.86,70.61,108.63,25.44,35.27,948.09,33.7,46.36,197.87,239.19,16.9,26.68,219.31,82.51,108.86,38.1,27.69,1037.16,35.14,71.31,223.56,301.06,16.15,28.74,227.56,25.54,197.35,41.5,42.7,1210.61,33.8,54.66,186.28,194.5,15.73,26.1,201.19,59.85,112.41,29.51,27.82,941.85,39.1,53.88,170.78,170.46,14.22,26.28,187.89,21.21,151.62,24.14,22.08,881.66,36.98,56.72,204.32,186.38,10.24,45.69,309.06,18.74,180.53,37.04,32.88,1118.58,27.35,54.46,190.47,213.32,15.73,20.19,146.07,114.36,38.65,29.75,16.6,866.93,30.35,54.13,166.29,178.23,16.24,23.54,154.26,56.27,109.89,26.46,24.17,839.84,34.84,76.0,200.39,237.88,11.3,22.79,163.9,22.15,174.08,22.47,48.05,1013.84,30.95,59.66,141.14,205.0,15.35,22.95,155.7,97.73,42.52,25.54,22.29,818.83,55.17,85.99,193.53,180.12,9.06,40.83,193.52,27.97,188.48,26.38,38.5,1039.56,36.35,49.64,155.29,174.06,15.05,21.76,144.44,93.0,39.41,22.9,20.63,772.51,28.25,45.84,169.37,155.75,16.0,21.19,135.27,103.53,33.32,26.09,19.88,754.5,29.04,46.89,205.04,188.98,16.46,19.22,174.02,107.13,40.66,28.55,18.88,874.87,28.91,58.37,199.79,203.44,16.72,18.64,162.01,68.53,109.19,32.65,26.73,924.97,33.05,46.49,203.48,207.25,17.12,22.93,179.14,93.77,78.35,27.19,24.77,933.54,28.31,45.8,144.49,182.78,21.05,26.5,198.04,113.4,36.03,27.14,16.27,839.81,28.86,43.88,193.6,188.02,14.75,18.33,154.82,90.12,47.1,32.03,23.49,835.0,42.16,91.33,221.45,189.95,18.6,32.24,231.01,21.96,179.59,39.18,42.65,1110.11,22.47,54.68,153.04,179.32,15.99,14.21,120.19,96.51,19.5,18.41,15.86,710.17,38.76,57.59,222.71,176.18,12.2,29.77,219.88,14.53,164.9,29.5,41.74,1007.77,38.19,58.54,206.99,179.95,13.85,20.45,171.76,17.21,155.75,26.78,19.4,908.87,26.49,40.32,135.09,177.21,15.68,31.46,180.76,84.08,60.56,28.39,14.64,794.7,29.4,45.47,167.5,199.42,17.55,26.71,234.99,83.25,87.05,30.98,23.46,945.8
2018Q4,29.95,38.8,224.31,202.21,18.32,23.01,192.22,32.84,146.15,31.92,19.86,959.58,26.64,44.38,147.01,165.04,18.42,15.93,138.62,97.63,21.61,14.55,14.57,704.39,31.09,59.8,172.87,232.63,17.04,18.56,171.98,96.25,35.72,23.99,15.78,875.72,38.61,68.6,188.75,223.42,19.92,23.45,206.06,76.12,116.3,27.92,34.71,1023.86,34.5,45.55,211.52,262.5,20.36,30.02,258.09,93.98,110.54,41.83,28.2,1137.11,37.74,69.5,261.18,314.55,18.94,32.5,260.36,29.03,202.36,44.71,39.88,1310.75,34.29,55.6,201.14,211.78,17.9,29.64,228.92,65.02,120.71,32.87,27.31,1025.18,39.25,48.23,180.53,198.55,17.21,29.95,224.99,25.86,163.06,26.66,21.27,975.55,36.44,58.12,236.33,205.37,12.2,57.42,374.29,20.76,204.89,40.73,31.49,1278.04,27.01,54.62,205.57,240.1,17.78,24.11,161.12,119.62,38.82,35.33,18.48,942.54,31.07,53.92,189.84,209.63,18.13,26.15,168.86,58.0,111.37,29.86,22.4,919.22,34.32,75.46,226.82,237.58,13.39,27.61,191.79,21.45,183.83,25.39,46.26,1083.92,32.53,58.7,187.41,196.03,17.99,24.91,179.95,109.59,44.22,27.37,21.96,900.65,51.99,94.96,208.86,219.59,10.3,47.02,222.49,31.42,202.28,30.61,38.34,1157.88,31.17,50.02,200.84,178.5,16.97,23.51,172.03,111.39,42.45,25.29,19.5,871.66,22.1,45.11,225.35,188.47,16.58,24.05,150.0,110.16,33.59,28.51,18.46,862.38,28.74,46.68,182.23,219.55,18.67,22.05,192.16,114.51,42.2,31.5,18.77,917.06,30.97,56.91,197.2,228.49,18.76,21.74,180.9,80.26,107.79,38.23,24.6,985.86,33.58,50.13,218.72,221.68,18.67,24.41,193.42,99.8,84.01,29.33,24.57,998.31,29.57,45.41,165.15,195.16,23.2,27.91,218.5,115.72,37.76,29.86,15.05,903.3,27.62,43.41,188.75,221.96,16.86,21.08,174.41,97.69,51.97,34.58,21.28,899.6,43.56,87.91,195.12,190.1,21.31,40.94,262.92,22.92,195.66,44.91,44.0,1149.37,25.63,58.83,199.77,215.57,17.66,15.81,141.7,105.73,24.79,20.73,14.51,840.72,38.54,64.77,241.04,200.05,14.06,34.97,254.51,17.62,179.83,31.66,42.38,1119.43,36.3,56.72,191.61,201.65,16.07,24.51,204.94,20.09,169.06,28.18,19.95,969.08,28.72,41.66,135.41,167.83,17.84,34.51,202.16,93.91,63.09,33.22,13.69,832.05,30.48,45.22,185.18,204.94,19.58,30.12,261.81,88.31,92.68,35.74,22.35,1016.41
2019Q1,32.06,39.7,195.52,202.34,17.66,22.28,187.18,31.78,138.2,30.79,19.94,917.44,28.94,44.24,137.14,210.76,16.42,17.13,129.0,89.34,22.38,16.41,18.38,730.15,32.79,62.19,165.1,223.92,17.34,19.47,170.21,97.14,33.51,24.52,17.31,863.51,41.26,73.54,184.07,215.38,19.95,29.5,210.83,74.61,108.34,28.13,39.41,1025.03,37.81,46.23,203.83,251.37,19.9,29.11,267.17,96.89,106.44,42.96,28.45,1130.15,41.84,71.6,220.76,301.04,18.44,31.14,271.24,32.12,196.79,44.17,43.19,1272.33,37.78,55.24,193.15,203.52,17.95,29.16,229.72,63.83,115.06,33.26,28.69,1007.37,42.31,50.63,189.09,190.58,16.44,27.96,218.27,23.81,157.13,26.22,20.76,963.19,40.84,58.48,229.77,192.04,12.62,52.92,382.75,19.87,188.47,42.9,33.25,1253.91,30.36,53.83,189.38,176.53,17.3,22.11,150.52,114.06,40.6,35.72,20.34,850.75,33.6,49.87,172.09,168.34,17.27,24.93,160.32,56.82,102.18,30.05,23.27,838.75,37.89,80.75,205.64,237.87,14.71,25.04,202.41,21.43,177.1,24.49,45.92,1073.24,32.86,56.36,216.45,150.58,16.93,23.35,169.17,100.66,41.65,27.58,23.19,858.78,54.99,77.87,229.63,220.26,11.83,45.93,233.85,30.2,186.64,30.95,36.51,1158.66,34.5,47.77,235.04,155.37,15.43,22.0,149.17,91.37,41.01,26.47,24.1,842.24,28.86,45.15,225.81,165.2,17.31,22.57,135.7,110.5,33.83,30.91,18.93,834.78,32.83,46.01,184.36,224.1,18.01,21.8,181.22,107.02,42.27,31.89,18.95,908.47,32.57,49.79,232.36,205.95,19.05,21.75,177.5,76.74,106.61,37.17,25.48,984.95,35.55,50.7,214.74,209.68,19.25,25.6,198.22,101.05,81.42,30.56,26.52,993.27,32.38,44.09,154.05,191.81,21.64,24.4,205.53,109.0,36.44,29.09,17.04,865.48,30.95,44.21,191.31,223.18,16.76,20.99,171.56,96.39,48.81,35.33,22.44,901.91,49.01,87.46,180.24,228.32,22.2,39.27,271.59,24.43,197.58,47.26,45.49,1192.85,27.82,56.69,202.17,187.36,17.58,15.32,123.63,95.04,21.42,19.71,15.22,781.97,43.29,57.49,231.17,194.86,15.47,32.95,266.87,18.06,174.46,33.69,40.47,1108.79,38.25,60.4,199.1,196.88,18.04,23.84,222.73,20.92,165.05,30.24,20.8,996.23,30.83,39.32,152.5,171.53,17.46,31.94,198.02,88.82,57.3,31.21,14.61,833.53,35.67,45.17,160.27,191.45,19.44,28.75,257.81,89.93,86.72,35.12,24.96,975.28
2019Q2,30.36,41.26,207.58,192.03,17.76,21.66,184.94,30.88,137.35,29.33,19.24,912.39,27.39,41.65,131.94,169.31,16.82,14.9,132.54,84.7,14.42,15.73,16.8,666.21,29.08,60.74,166.24,202.26,17.5,18.32,173.76,96.22,36.44,22.89,16.71,840.16,37.32,67.49,182.59,217.1,19.61,25.92,206.03,73.97,108.05,26.64,36.72,1001.44,33.66,44.51,207.94,276.29,19.55,27.65,248.95,91.82,105.15,39.81,28.87,1124.19,37.08,69.52,245.05,300.03,18.12,29.22,255.43,29.15,193.14,43.62,43.61,1263.97,34.41,54.0,192.25,201.01,17.71,28.03,224.21,63.02,112.36,32.12,28.71,987.83,38.59,44.89,193.16,187.16,16.58,27.02,214.21,23.13,147.92,25.56,21.5,939.71,36.32,59.24,232.77,193.66,12.09,52.63,364.14,18.61,188.08,42.61,34.39,1234.54,28.36,54.96,193.52,177.62,17.64,20.96,155.27,113.22,42.87,34.29,20.95,859.66,29.69,54.36,174.38,151.26,17.8,24.33,165.28,57.08,105.85,28.43,24.42,832.88,34.87,74.33,209.16,242.56,12.55,24.79,181.43,28.14,169.42,24.59,47.01,1048.86,30.16,57.54,200.25,171.62,17.67,23.41,173.84,101.75,38.52,26.54,22.14,863.45,50.4,83.03,202.96,170.36,10.03,44.95,211.3,28.93,176.75,28.7,36.3,1043.72,31.55,50.78,194.93,167.0,16.11,22.18,153.56,97.99,37.43,25.31,21.67,818.5,27.87,44.93,200.46,179.74,17.53,22.76,142.04,108.1,32.58,28.58,20.14,824.73,27.64,45.22,169.48,208.88,18.6,21.07,187.65,108.77,39.36,30.16,19.1,875.93,31.89,53.14,220.11,211.24,18.68,20.68,167.51,73.94,99.65,36.46,24.8,958.09,33.81,47.16,218.77,218.01,19.16,24.15,193.0,97.12,76.26,28.78,25.66,981.89,28.94,41.61,149.43,171.13,21.45,23.38,210.42,109.12,35.13,27.79,16.43,834.83,27.92,44.25,184.43,207.52,16.94,19.57,166.95,94.1,47.45,34.19,24.26,867.59,43.93,86.47,182.99,222.95,22.18,39.04,269.99,24.0,187.65,46.77,50.35,1176.32,23.27,51.21,175.25,185.65,19.19,14.51,139.98,105.81,26.22,19.64,16.25,776.98,40.61,59.62,249.44,203.89,14.51,31.69,250.52,17.65,167.35,32.68,43.84,1111.82,36.8,56.16,184.87,197.94,16.75,22.66,212.88,23.21,162.64,29.64,20.91,964.45,21.44,39.29,138.92,160.11,17.54,33.21,199.4,85.57,55.3,31.93,14.43,797.15,32.81,43.22,155.56,184.8,19.11,28.06,254.5,87.86,86.39,34.25,23.69,950.26
2019Q3,30.46,42.49,192.01,188.03,15.88,20.29,173.65,31.43,139.52,28.82,20.34,882.94,25.75,49.98,125.3,169.05,16.29,15.08,123.1,89.65,14.5,13.82,13.58,656.1,28.85,61.95,161.68,210.9,15.59,18.68,160.0,93.67,36.95,22.49,16.71,827.48,38.19,68.65,186.88,215.12,17.57,24.27,195.53,74.29,112.11,26.81,36.95,996.38,35.58,47.27,216.65,257.35,17.4,25.71,234.72,91.59,108.94,40.2,30.11,1105.52,37.37,69.81,244.79,284.52,16.27,27.01,237.75,28.45,192.26,42.44,42.04,1222.73,35.21,56.09,188.42,204.69,15.87,25.7,206.7,62.94,114.75,30.96,28.87,970.2,39.61,49.81,183.53,175.93,14.86,25.96,190.13,22.94,153.2,24.85,22.29,903.11,38.09,61.14,206.2,203.62,10.59,45.04,317.51,19.43,187.1,38.7,32.95,1160.38,35.26,57.16,187.02,247.13,14.93,20.77,138.52,111.93,45.86,30.81,17.78,907.16,30.38,53.46,165.93,241.42,16.4,23.67,154.98,56.7,113.39,26.82,23.83,906.98,36.54,89.19,207.6,227.68,11.48,20.22,174.24,27.39,174.3,23.72,50.21,1042.57,31.16,61.04,222.47,203.91,15.55,22.31,159.11,100.16,44.34,25.8,22.58,908.43,53.01,88.9,207.37,173.22,9.57,24.78,194.81,32.29,181.26,27.87,37.02,1030.1,29.85,53.64,212.97,178.47,14.77,20.77,146.74,97.08,40.87,24.43,22.33,841.94,28.66,46.83,220.44,161.73,15.62,20.5,136.61,105.65,36.13,28.5,19.33,819.98,29.28,47.89,159.98,207.52,16.41,20.81,171.45,106.64,40.8,29.59,18.92,849.29,32.56,64.21,188.51,226.2,17.86,20.15,159.84,77.62,108.28,37.27,25.53,958.03,34.91,51.84,207.74,205.47,16.81,22.64,185.47,96.89,81.53,28.3,26.14,957.73,28.67,46.61,146.93,188.39,19.66,26.2,193.78,111.08,38.32,28.16,16.83,844.63,28.44,44.88,191.71,205.93,15.28,19.39,158.52,95.79,48.81,33.63,22.99,865.37,45.27,86.48,177.76,201.81,18.13,33.22,229.31,23.04,190.65,41.08,52.41,1099.15,24.21,60.68,203.52,168.3,14.46,13.47,116.11,92.5,28.82,18.79,15.77,756.64,39.13,60.4,228.98,182.09,13.29,27.65,225.95,18.4,167.32,31.95,41.66,1036.82,37.36,59.28,180.38,195.76,14.73,19.87,184.88,21.25,159.25,26.05,22.66,921.48,30.45,41.08,156.29,161.53,15.97,31.98,190.91,91.1,61.02,29.46,15.33,825.15,33.34,44.44,157.3,208.44,17.58,27.3,242.19,87.29,88.18,33.04,24.35,963.45
2019Q4,31.6,42.36,214.88,217.45,18.81,23.02,199.69,33.73,150.86,32.56,20.59,985.57,29.36,47.52,131.62,174.44,19.31,17.37,147.25,108.18,14.36,18.69,18.68,726.78,34.94,60.95,155.51,200.09,17.69,21.14,185.25,101.87,38.49,25.38,17.06,858.37,39.3,66.46,198.9,232.82,19.56,25.93,212.94,77.44,118.11,30.77,36.35,1058.59,35.03,46.23,213.34,278.16,20.89,30.6,273.7,99.69,114.33,44.4,31.64,1188.0,34.91,71.13,235.58,333.32,19.2,32.12,271.2,31.02,202.72,46.94,41.9,1320.03,36.18,54.94,203.29,212.82,18.13,30.17,235.04,67.08,121.12,35.11,29.34,1043.23,38.93,48.05,180.11,178.9,17.24,30.08,226.35,24.9,162.71,28.95,21.92,958.15,35.06,59.36,232.0,236.42,11.61,55.66,368.1,18.55,199.15,44.31,33.9,1294.12,28.26,56.13,203.69,197.34,17.27,23.27,155.38,118.59,43.11,34.93,20.67,898.64,33.9,49.77,193.27,196.82,19.31,27.0,178.5,57.84,111.27,31.39,23.19,922.27,36.34,76.32,225.24,259.01,13.71,24.37,194.9,25.35,180.38,27.61,46.49,1109.71,37.02,59.11,227.86,166.69,18.49,25.56,183.67,108.69,44.14,28.84,23.67,923.74,50.79,83.18,229.91,203.52,9.44,43.51,205.88,27.54,189.74,31.74,38.25,1113.5,36.62,52.78,250.26,171.07,16.29,23.85,165.21,102.79,42.95,26.07,22.3,910.19,33.34,44.9,249.64,155.01,15.89,24.97,146.78,112.68,39.36,29.2,18.77,870.56,29.77,45.76,170.49,202.01,19.18,23.42,197.68,116.73,43.48,32.3,19.21,900.05,34.87,57.61,233.87,201.76,19.34,21.66,177.83,84.84,97.4,39.34,25.53,994.06,33.08,49.06,229.65,235.94,19.68,25.66,209.86,107.17,84.46,31.92,26.17,1052.66,33.66,45.31,171.24,182.24,23.87,30.37,229.97,121.89,40.53,30.46,16.45,925.99,29.53,41.54,194.0,210.19,17.6,21.83,179.49,100.93,51.35,37.45,21.65,905.56,49.1,92.1,207.3,213.3,21.29,44.1,271.34,24.3,200.66,50.5,52.88,1226.86,27.14,55.68,241.39,190.92,19.15,17.27,138.98,107.83,32.9,21.75,15.6,868.6,39.97,61.43,245.66,195.54,13.35,33.56,254.32,18.84,176.46,35.51,44.99,1119.64,39.18,59.1,196.34,207.61,16.35,23.76,207.82,21.3,173.01,30.88,23.57,998.92,31.52,40.29,149.92,163.19,18.46,36.37,218.92,97.7,61.33,33.12,14.78,865.61,34.27,43.68,173.75,205.58,20.35,30.94,273.79,93.3,93.75,37.43,24.73,1031.56
2020Q1,33.57,45.06,222.78,221.52,18.14,22.94,194.32,32.05,148.23,32.65,21.45,992.71,31.71,53.04,143.4,198.77,16.96,15.89,135.84,99.65,13.61,17.32,19.72,745.9,34.22,66.23,181.16,229.22,18.33,20.56,178.77,105.2,42.05,24.38,18.57,918.7,42.12,71.8,203.43,230.25,20.34,28.94,219.61,78.37,117.15,29.71,36.44,1078.16,38.17,49.51,243.21,285.71,21.21,31.02,268.44,99.07,117.73,44.2,31.35,1229.6,42.03,70.94,272.83,350.75,19.59,32.03,272.36,30.97,200.39,45.05,43.28,1380.22,38.64,59.28,206.77,209.77,18.55,30.86,236.15,66.16,122.06,35.21,29.75,1053.2,47.57,55.34,209.47,175.62,18.65,30.85,230.29,25.41,167.93,28.21,24.11,1013.46,42.14,64.31,246.1,195.16,13.34,55.96,396.02,20.43,198.25,44.73,33.3,1309.75,35.41,60.2,223.7,219.75,17.91,24.18,154.51,118.07,47.69,36.21,20.61,958.24,31.48,56.3,163.41,173.25,17.7,26.22,165.34,58.23,113.68,31.66,24.16,861.43,39.98,92.97,228.04,281.57,14.99,27.79,207.31,26.72,187.48,27.53,54.0,1188.38,32.17,60.54,223.24,185.24,18.01,25.31,178.85,103.42,45.8,30.16,23.17,925.92,56.13,92.46,237.49,237.65,13.7,59.75,240.87,31.57,198.58,34.71,40.36,1243.27,34.72,55.51,227.96,189.66,16.1,23.62,156.78,98.65,46.81,25.72,24.09,899.62,30.96,50.64,224.63,182.63,17.92,22.79,145.61,114.74,37.34,29.32,18.61,875.18,33.67,49.72,188.74,218.03,18.52,24.0,188.95,113.88,44.37,32.87,19.75,932.49,37.37,62.41,227.09,233.92,19.69,22.43,182.5,87.36,104.42,38.05,26.1,1041.34,29.16,52.45,230.9,246.71,20.53,27.33,210.38,107.5,86.26,31.82,27.52,1070.57,31.66,50.03,177.49,195.24,22.5,31.04,211.99,115.58,41.97,32.34,18.04,927.86,33.62,49.48,195.89,219.08,16.89,21.79,178.21,98.89,53.08,36.19,23.9,927.02,52.33,94.45,110.16,213.18,21.96,39.34,261.78,24.32,202.83,49.52,51.49,1121.35,24.05,60.39,216.85,183.08,17.49,16.0,127.27,99.67,30.66,21.61,15.18,812.26,44.16,64.62,245.92,187.05,15.83,36.03,271.56,19.64,179.59,35.94,40.53,1140.87,43.87,59.92,221.92,189.35,19.24,24.25,227.03,22.86,176.76,32.84,26.24,1044.28,26.34,39.25,159.85,173.3,18.5,33.38,212.21,95.54,63.02,34.07,16.84,872.3,35.78,49.27,178.63,184.0,19.54,30.02,262.82,90.22,92.42,37.68,26.32,1006.69
2020Q2,27.77,43.55,183.26,186.34,15.24,21.38,162.48,29.12,141.54,23.11,20.26,854.07,26.7,54.41,102.47,166.53,15.38,15.64,117.84,95.67,12.42,12.66,20.34,640.06,28.85,62.22,152.06,214.29,15.59,18.75,147.42,96.06,38.07,17.33,17.82,808.46,33.91,69.88,174.54,204.3,17.07,25.59,183.62,73.46,116.15,20.67,36.5,955.69,32.66,48.98,189.71,229.07,16.86,28.44,215.58,91.79,106.89,30.53,30.78,1021.3,34.77,71.39,223.01,285.0,15.65,27.31,229.02,27.61,192.64,32.3,44.76,1183.45,31.4,57.98,183.06,193.88,15.13,27.77,197.97,61.67,116.33,24.53,29.48,939.2,37.19,50.0,177.92,170.43,14.78,26.31,187.49,23.74,153.46,18.44,23.34,883.09,36.15,64.58,213.39,187.43,9.8,49.8,324.92,19.11,193.06,32.35,34.45,1165.03,25.45,58.24,171.72,206.24,15.48,23.59,135.25,113.51,46.57,25.28,18.87,840.19,19.11,55.47,177.75,183.22,15.81,25.19,145.71,54.23,108.78,20.91,23.03,829.21,37.19,87.99,207.23,249.79,11.36,22.69,163.19,25.72,176.16,19.9,45.04,1046.25,29.09,58.95,201.21,180.45,15.06,23.77,153.75,97.41,41.4,20.79,22.96,844.86,52.05,90.16,219.61,181.24,10.55,35.65,194.05,32.21,191.14,22.14,41.31,1070.11,29.0,56.39,196.82,165.61,13.69,20.45,141.13,95.41,38.56,19.4,20.98,797.45,26.61,44.64,201.89,139.12,14.96,23.18,129.59,104.09,35.0,20.59,18.29,757.95,25.85,49.86,160.22,201.46,15.98,21.94,161.19,105.61,40.92,23.13,19.2,825.35,29.0,63.99,176.53,209.13,17.17,20.82,160.36,84.4,96.09,28.74,26.04,912.26,24.84,51.65,189.09,198.86,16.49,23.32,175.44,98.08,79.83,22.09,25.77,905.46,27.95,47.86,127.12,184.11,18.83,28.44,183.45,108.88,38.44,22.31,15.79,803.18,24.66,50.95,184.38,207.78,14.44,20.26,147.14,93.59,49.28,26.89,21.91,841.28,42.29,90.75,221.95,190.0,17.99,34.17,230.6,23.04,188.83,30.53,48.3,1118.45,23.52,59.36,188.43,174.43,15.65,15.58,108.75,97.06,33.33,15.91,15.18,747.2,38.71,62.24,238.1,201.54,11.61,31.59,230.33,19.56,177.14,26.29,45.92,1083.03,31.44,63.7,175.23,205.76,14.28,21.13,176.14,20.18,164.55,20.27,24.11,916.78,25.2,48.15,137.46,165.24,14.56,37.99,176.42,85.52,60.12,22.55,15.51,788.73,27.28,46.95,146.87,175.62,16.23,29.26,222.67,83.26,86.98,26.75,25.37,887.25
2020Q3,28.75,42.91,204.77,193.95,15.74,21.82,175.61,30.63,140.31,28.39,20.14,903.01,30.33,54.97,123.98,176.08,14.9,16.69,127.89,87.99,11.5,14.93,5.79,665.06,28.62,63.48,157.52,199.31,15.75,20.27,160.92,95.57,38.38,22.8,16.98,819.6,37.2,70.95,193.4,205.06,17.38,26.48,197.85,74.01,114.46,26.12,34.68,997.59,30.2,49.59,217.74,243.44,17.8,26.92,240.28,90.43,110.55,38.79,29.52,1095.26,33.9,73.3,243.68,275.32,16.25,27.96,241.88,28.43,189.48,40.57,41.26,1212.03,32.44,56.7,186.03,195.36,15.55,27.63,209.92,61.44,114.85,30.46,28.02,958.4,38.2,47.87,181.65,160.16,15.05,26.52,199.43,24.07,151.65,24.25,21.74,890.6,33.59,60.54,207.14,196.68,10.38,47.56,330.73,17.77,179.49,36.65,30.07,1150.6,28.35,57.55,202.48,194.99,14.01,21.38,138.63,106.62,38.86,29.59,16.33,848.8,29.06,52.71,159.84,179.85,15.34,24.23,149.77,51.3,110.65,25.31,22.3,820.36,31.74,86.22,198.91,227.75,11.54,23.61,169.59,24.46,176.49,24.15,48.42,1022.89,31.19,58.78,174.17,167.66,15.48,23.83,162.68,95.47,42.06,26.65,22.57,820.53,51.25,84.36,193.86,182.06,9.81,37.5,192.97,28.87,184.26,27.99,35.71,1028.65,29.81,56.09,191.47,170.62,13.46,21.14,141.4,95.77,40.2,24.21,23.33,807.51,30.25,49.93,200.23,150.43,14.76,23.58,133.68,105.59,33.89,25.98,18.07,786.41,29.58,49.71,169.44,200.98,16.35,22.61,174.79,106.69,42.92,29.18,18.7,860.96,31.95,60.66,184.9,217.5,16.8,21.68,163.46,79.91,99.95,36.51,24.93,938.23,29.11,52.53,225.04,218.67,17.27,24.12,187.62,96.99,81.87,29.08,26.17,988.48,23.61,47.69,168.46,180.91,19.06,26.85,205.45,106.36,39.26,28.01,16.58,862.25,27.93,47.67,190.53,215.05,14.46,21.14,156.2,91.42,52.92,32.81,22.19,872.32,46.73,82.53,154.31,206.89,18.71,34.73,235.95,24.36,191.42,43.32,47.66,1086.6,25.31,62.63,179.3,139.97,16.05,16.02,120.63,93.58,28.15,19.17,16.16,716.97,37.47,61.03,208.67,171.8,12.05,29.91,233.38,19.08,169.97,29.62,41.18,1014.17,32.46,59.38,177.89,181.72,15.19,20.95,186.96,20.17,159.49,26.27,22.28,902.77,12.94,43.11,142.45,145.52,15.0,34.32,207.78,86.87,63.66,30.01,15.81,797.49,27.87,46.28,160.53,197.68,16.78,29.06,240.56,83.67,87.42,32.96,24.76,947.57
2020Q4,32.57,44.22,225.08,215.53,18.79,25.36,206.63,36.13,157.45,34.96,21.29,1018.02,35.81,49.56,133.86,157.51,17.74,14.96,145.17,107.38,12.4,18.33,42.12,734.82,32.13,62.72,161.11,199.07,18.2,18.82,185.09,109.22,41.05,25.6,16.45,869.45,39.86,71.4,202.05,229.63,19.97,29.95,223.32,82.34,129.09,31.99,37.39,1097.0,37.81,48.89,228.52,275.13,21.14,32.13,278.69,100.26,122.02,46.98,31.8,1223.36,41.41,68.21,250.98,303.59,19.1,32.21,278.67,30.59,209.04,49.57,46.35,1329.72,36.01,58.15,209.22,211.34,18.13,32.42,243.16,70.21,127.25,37.05,30.33,1073.29,42.32,49.96,191.8,184.14,18.0,30.53,233.03,27.1,168.02,29.21,24.03,998.14,36.78,66.26,215.2,211.27,12.05,58.8,388.6,21.45,203.22,45.59,34.93,1294.13,29.29,60.11,224.3,233.55,16.42,24.97,155.35,117.27,52.36,37.91,22.14,973.67,19.29,54.66,203.15,199.73,18.76,30.01,185.66,63.96,128.37,34.33,23.93,961.85,41.34,87.59,219.09,241.78,14.22,29.3,195.19,25.23,190.43,29.07,47.21,1120.46,34.66,59.88,198.51,187.73,18.13,27.06,193.91,113.46,46.45,29.82,24.1,933.72,53.06,95.51,222.44,194.95,11.26,55.74,220.23,28.76,205.93,33.38,40.16,1161.42,33.27,57.51,219.04,195.92,16.21,23.17,171.67,110.26,42.74,27.6,23.72,921.09,32.68,48.67,223.39,190.87,15.65,28.9,153.63,114.99,35.41,31.67,19.8,895.66,32.39,47.8,180.36,219.24,19.33,23.05,203.72,125.69,47.93,33.73,19.8,953.06,37.44,64.07,211.78,211.79,19.42,25.34,196.21,89.55,106.83,43.78,27.05,1033.25,31.12,51.0,233.49,234.39,20.09,29.12,213.4,112.09,89.0,33.98,27.08,1074.76,31.78,46.84,174.94,199.67,21.96,30.25,226.16,123.88,43.68,32.84,17.2,949.2,30.47,47.44,207.56,217.87,17.69,22.99,186.71,107.86,57.71,38.54,24.44,959.28,50.74,92.29,242.46,203.95,21.02,43.37,290.69,26.08,210.04,53.84,51.37,1285.84,26.89,59.02,222.93,204.89,18.65,18.29,139.12,113.53,29.67,23.35,18.19,874.52,41.59,65.39,248.16,185.37,14.06,35.86,268.76,20.83,185.0,37.51,44.13,1146.67,41.21,56.88,210.18,189.19,16.71,25.55,210.79,21.26,172.67,31.4,24.31,1000.15,26.24,41.71,148.25,166.42,17.82,39.27,227.32,100.14,65.04,35.63,18.25,886.09,30.3,47.42,189.04,206.38,19.48,33.38,275.9,94.88,96.67,40.35,26.45,1060.25
2021Q1,34.23,42.06,204.64,201.65,16.56,22.21,187.19,34.68,142.88,34.32,22.02,942.44,34.66,50.75,143.93,180.67,15.83,17.81,130.48,90.94,13.95,17.0,17.12,713.15,32.32,67.37,185.84,212.72,16.87,22.77,169.37,101.69,38.13,26.75,18.0,891.83,43.1,72.94,199.54,199.32,19.23,26.31,215.27,76.38,121.39,30.2,38.33,1042.01,38.2,49.7,223.18,249.49,19.52,31.56,262.28,96.45,111.34,46.0,33.09,1160.81,40.19,74.39,245.08,306.93,17.61,31.7,264.92,31.68,194.01,50.14,46.63,1303.27,39.75,58.51,196.71,198.94,17.16,29.66,232.01,65.25,120.3,37.64,32.43,1028.34,47.42,51.08,175.28,178.84,18.02,28.22,228.89,27.06,159.46,29.73,25.9,969.9,46.25,68.99,189.47,207.69,13.31,58.35,397.41,21.35,194.57,50.72,37.17,1285.27,30.19,58.63,190.22,221.17,16.89,21.17,147.87,115.14,57.65,34.13,20.91,913.96,29.56,52.51,179.88,160.28,17.43,24.42,166.55,61.16,110.48,32.44,25.85,860.55,46.9,84.92,237.3,222.79,14.67,23.23,200.65,25.57,191.68,31.59,57.3,1136.6,35.82,58.28,207.42,189.13,16.31,25.28,178.71,105.84,43.85,32.13,24.69,917.47,60.88,95.15,221.2,210.13,13.36,41.53,243.68,28.71,202.01,35.71,44.15,1196.52,36.32,57.23,227.06,182.53,14.05,22.42,146.12,101.96,46.55,29.71,23.59,887.53,35.05,51.21,226.88,179.88,15.01,27.04,134.17,114.5,40.69,31.42,19.63,875.49,33.85,46.79,189.11,211.33,16.46,22.56,184.28,106.67,44.64,34.48,19.32,909.49,37.21,62.52,220.75,193.35,18.41,20.68,184.21,87.54,104.6,43.58,27.79,1000.64,28.04,50.45,223.16,215.65,18.76,26.09,204.16,102.67,86.31,33.28,28.3,1016.86,32.25,48.81,169.33,216.49,19.41,28.51,210.01,114.81,42.42,34.23,17.7,933.96,33.2,47.21,200.35,211.7,15.95,23.21,176.32,98.1,54.47,38.83,25.49,924.82,61.27,94.63,180.8,188.57,19.49,36.11,263.29,25.0,204.68,54.81,53.52,1182.17,26.03,66.53,214.08,201.77,16.14,16.14,118.04,95.65,23.73,22.71,18.56,819.39,49.3,66.51,235.59,181.27,15.36,35.92,273.08,20.95,180.68,42.14,51.05,1151.87,44.63,59.68,171.45,176.18,17.89,25.98,217.88,22.38,168.92,34.58,28.15,967.73,31.06,41.6,153.69,172.44,15.9,35.92,199.74,89.64,59.82,35.92,18.36,854.09,33.41,46.54,172.1,189.35,17.65,28.72,254.35,87.83,88.37,39.18,29.41,986.9
2021Q2,28.76,38.48,219.81,191.33,16.98,23.99,189.11,33.88,148.29,32.58,21.14,944.35,37.08,46.6,127.67,194.37,16.83,17.81,143.55,95.64,11.61,18.65,23.94,733.74,40.97,66.07,162.59,188.64,15.91,21.28,170.07,94.83,39.88,20.96,18.1,839.3,39.59,68.81,203.56,202.33,19.2,28.62,216.15,76.96,123.2,29.31,36.58,1044.3,35.34,51.71,194.85,252.72,19.07,29.66,258.48,97.61,116.59,43.09,32.82,1131.95,41.42,70.19,241.62,290.59,17.95,30.43,265.28,31.98,206.72,47.54,45.77,1289.48,35.83,54.96,201.33,196.61,16.86,30.55,231.01,64.57,120.24,34.67,29.76,1016.4,37.1,44.93,205.42,155.85,16.7,32.7,224.32,25.19,156.16,27.7,22.76,948.82,35.56,60.5,234.98,189.99,11.61,53.19,385.24,19.11,188.77,43.77,32.2,1254.92,1.64,58.84,193.79,207.16,17.32,26.27,153.25,111.65,62.63,34.45,20.55,887.56,36.09,53.68,177.78,207.3,17.47,28.19,166.89,58.27,121.04,31.18,23.29,921.18,37.49,76.48,226.71,210.3,13.32,31.04,190.89,23.16,178.59,28.32,46.99,1063.29,32.92,57.69,179.89,164.03,17.15,25.85,179.89,107.28,45.77,29.7,24.47,864.63,45.61,87.44,243.13,179.64,10.93,45.77,216.51,26.41,190.6,31.5,38.84,1116.38,28.85,58.25,213.59,167.53,15.22,22.87,159.54,107.07,43.68,29.61,22.89,869.1,28.95,47.59,229.43,185.74,16.22,27.56,140.75,111.0,37.44,29.7,19.96,874.35,35.69,44.07,167.81,188.77,16.8,26.21,190.41,108.44,44.78,30.16,20.8,873.95,35.79,68.61,199.81,230.6,18.49,26.47,181.69,85.48,101.29,39.68,25.52,1013.42,28.33,48.14,223.61,219.65,18.66,26.5,202.7,100.07,87.02,31.78,28.06,1014.52,31.36,48.36,163.14,195.76,20.15,28.87,211.65,114.47,42.62,32.13,17.72,906.23,34.44,44.14,192.32,206.01,15.22,23.29,170.55,91.55,55.06,33.68,23.11,889.38,49.25,82.25,205.22,215.47,20.34,42.42,284.02,24.79,199.54,52.3,50.76,1226.35,24.19,64.19,209.24,185.83,16.7,15.91,125.31,99.67,25.82,22.61,17.28,806.75,40.06,61.94,255.32,195.23,13.27,33.47,262.44,19.15,171.19,35.24,40.48,1127.78,36.95,56.68,197.83,184.3,16.84,22.94,209.38,19.39,163.99,30.76,23.41,962.47,27.82,40.62,150.65,167.81,16.21,36.69,208.19,91.96,65.67,34.02,17.43,857.07,33.97,44.25,169.72,190.28,17.78,29.7,256.21,88.01,90.97,37.35,27.3,985.53
2021Q3,30.12,40.03,223.96,205.46,16.59,22.02,184.13,34.61,153.52,32.59,20.72,963.75,32.52,50.96,152.5,167.56,15.33,16.72,137.81,95.93,17.45,18.42,23.69,728.9,35.1,69.18,197.17,201.87,15.97,20.11,168.57,104.48,42.89,26.92,18.37,900.62,40.3,70.01,212.66,209.21,17.96,25.38,205.14,78.43,129.64,30.0,35.3,1054.04,36.55,52.35,244.67,245.82,18.03,27.11,247.06,99.13,126.5,45.26,33.03,1175.51,41.07,71.69,265.19,293.3,16.29,27.69,251.41,32.37,213.21,49.04,45.4,1306.67,38.81,55.99,215.93,198.34,16.07,27.68,219.22,66.78,127.19,36.11,31.02,1033.15,46.99,48.09,193.43,159.15,16.25,27.06,210.05,27.04,163.58,29.46,23.72,944.83,39.45,60.61,227.09,184.99,10.59,46.44,342.9,19.59,196.69,47.28,35.28,1210.89,30.47,54.29,202.5,187.37,15.74,23.04,144.75,109.92,63.7,30.41,23.56,885.74,41.9,53.08,193.74,204.41,16.72,24.95,160.58,60.72,125.8,30.38,26.35,938.62,42.55,82.53,215.55,194.93,12.23,22.6,183.36,24.9,192.34,30.82,49.14,1050.95,34.5,58.47,206.6,189.93,16.16,24.0,173.89,109.11,48.51,28.99,24.71,914.88,57.89,83.14,259.75,192.98,10.4,43.15,208.72,26.71,209.21,33.65,39.36,1164.94,31.99,58.47,214.57,166.47,15.32,23.05,157.56,108.04,46.55,27.76,23.0,872.79,32.23,45.72,234.93,156.35,14.64,25.88,140.23,116.09,40.82,32.22,19.47,858.56,36.03,45.93,191.92,202.32,16.95,22.69,185.05,114.01,50.68,33.45,20.65,919.67,37.29,65.37,220.0,225.25,18.59,23.27,179.64,94.89,108.75,40.94,28.6,1042.58,39.26,49.6,239.52,218.15,18.2,24.55,198.38,105.23,93.04,32.65,27.68,1046.26,30.45,47.32,169.23,180.5,19.31,28.49,205.79,117.1,46.7,32.42,16.62,893.93,31.79,44.53,217.14,209.01,15.49,20.75,169.01,99.8,60.26,35.81,22.65,926.23,57.03,91.46,213.78,232.6,18.03,36.67,251.18,24.41,203.06,54.81,52.65,1235.67,22.89,66.31,214.59,182.29,16.67,14.67,117.74,102.28,22.53,22.8,18.65,801.43,43.76,59.4,269.16,173.85,12.98,31.07,247.55,21.48,184.25,39.37,46.91,1129.79,39.26,59.11,221.58,183.85,14.84,20.7,191.04,19.66,170.05,32.11,28.9,981.08,27.12,41.05,159.54,169.31,15.64,35.25,202.78,94.2,69.79,33.54,16.61,864.82,36.81,45.51,190.64,188.83,17.0,28.08,247.71,90.23,97.99,38.05,28.77,1009.64
2021Q4,32.01,39.43,233.27,214.47,19.64,24.84,215.89,38.19,164.78,38.11,22.32,1042.93,35.21,49.41,155.63,169.12,16.84,17.63,154.15,97.78,20.63,19.35,26.21,761.95,34.2,69.88,182.95,203.29,19.07,22.11,200.45,111.95,46.86,28.42,19.85,939.02,43.33,69.74,215.89,238.21,21.35,28.62,237.29,84.7,136.55,34.69,38.61,1148.98,36.29,50.61,235.05,272.1,21.63,32.28,287.66,106.6,129.09,50.77,33.27,1255.35,41.57,70.09,260.05,317.43,19.67,32.8,288.55,34.48,224.07,55.03,44.71,1388.45,40.12,56.02,222.3,220.4,18.98,32.56,255.22,73.7,134.79,41.28,31.87,1127.24,46.01,45.92,206.21,177.1,18.78,31.88,238.31,28.22,170.49,31.9,25.23,1020.05,41.92,64.03,258.15,218.54,12.66,60.23,415.69,20.91,209.33,54.93,34.08,1390.48,35.2,58.69,222.45,214.22,18.5,24.48,169.47,119.8,66.02,38.55,18.55,985.94,39.76,50.45,200.65,220.98,18.43,26.83,180.66,58.2,128.22,33.72,23.83,981.75,44.6,71.33,248.23,253.92,14.24,29.25,210.71,27.97,199.98,34.32,47.65,1182.2,36.05,58.11,187.12,182.96,19.15,26.48,197.34,120.43,48.89,32.3,23.82,932.65,61.67,87.37,289.82,247.23,11.78,61.29,248.27,31.15,229.97,41.74,42.28,1352.56,31.22,57.94,215.09,159.83,17.91,24.69,177.75,118.21,50.64,30.61,16.07,899.94,33.35,51.21,226.45,185.32,16.04,27.65,146.8,117.07,41.64,32.86,18.46,896.84,35.2,46.95,185.29,216.19,19.97,24.58,216.3,128.1,52.85,37.16,20.34,982.93,39.89,65.13,239.74,230.11,21.25,25.79,204.28,99.93,116.18,48.07,26.63,1117.0,35.63,48.12,246.63,233.53,21.59,27.46,226.67,121.49,96.83,36.04,29.8,1123.79,31.82,47.15,169.25,205.04,23.08,29.89,238.1,129.56,48.88,35.27,17.11,975.16,33.91,45.75,225.03,239.09,18.88,23.49,199.63,114.14,61.51,42.9,25.84,1030.19,59.94,100.58,226.32,223.47,21.58,47.76,298.49,26.39,225.4,61.85,55.89,1347.68,25.89,66.59,209.95,218.69,20.51,16.54,143.52,119.97,25.67,24.79,17.59,889.71,48.48,58.27,265.75,202.27,14.36,37.99,286.01,23.08,197.54,45.91,47.53,1227.21,40.92,58.06,243.22,216.01,16.6,24.44,213.92,19.72,180.77,34.66,26.19,1074.51,30.13,40.92,145.5,182.73,18.64,37.9,233.65,104.27,74.91,37.18,16.95,922.78,36.37,44.88,203.36,218.08,20.69,32.37,289.94,102.08,102.83,44.05,29.98,1124.63
2022Q1,32.02,42.26,219.44,201.67,17.55,23.53,192.85,34.76,153.52,34.18,23.26,975.03,34.21,56.54,171.04,160.68,17.98,20.04,142.26,98.79,23.19,19.98,21.49,766.19,32.81,76.98,201.85,185.02,18.54,21.94,179.72,106.65,42.55,25.93,23.62,915.6,42.47,72.21,219.77,206.42,19.87,28.88,218.83,79.63,128.88,30.5,40.34,1087.8,33.25,54.85,268.07,262.42,19.88,29.99,262.8,98.05,127.93,45.1,39.31,1241.66,37.36,70.68,257.48,279.58,18.3,30.92,268.63,32.02,213.66,48.47,52.54,1309.64,39.65,60.44,216.76,195.05,17.8,31.19,237.59,66.99,130.95,37.61,34.57,1068.59,48.68,52.12,199.42,168.75,18.43,32.17,238.53,28.66,180.32,30.78,27.96,1025.82,43.54,66.15,237.37,199.83,12.56,56.39,402.16,19.54,208.64,51.18,37.8,1335.16,31.45,59.17,208.06,178.38,17.2,23.27,148.61,108.14,65.07,33.76,21.93,895.04,31.84,58.51,198.73,173.57,17.31,26.21,168.6,57.64,122.97,33.38,24.79,913.55,43.97,85.95,271.02,228.41,14.82,29.4,202.54,28.27,206.7,33.01,56.69,1200.78,34.7,60.51,215.14,190.0,17.82,25.73,183.98,110.53,49.5,31.56,27.33,946.8,59.02,92.99,251.75,172.33,12.68,51.62,241.45,29.76,218.58,36.47,47.17,1213.82,32.32,55.44,236.1,162.11,16.42,23.32,157.22,101.96,53.46,29.93,33.6,901.89,33.74,47.87,245.93,187.96,15.9,26.86,135.18,116.66,44.98,31.92,20.67,907.66,35.1,51.34,208.17,195.19,18.32,25.16,193.95,111.78,51.65,33.13,21.43,945.22,35.3,69.19,214.17,197.52,20.43,25.13,177.82,92.65,99.72,39.74,29.7,1001.37,35.38,52.66,241.78,211.97,20.2,27.85,209.28,107.52,93.34,33.82,30.45,1064.25,32.3,52.68,170.47,189.27,21.25,29.15,216.29,118.61,47.55,34.22,19.83,931.62,30.36,47.05,215.42,208.71,16.63,22.53,175.26,98.8,59.27,36.84,25.6,936.47,59.89,95.73,215.12,200.5,20.34,44.21,284.78,25.23,222.62,61.02,55.56,1285.02,28.01,70.28,227.2,166.07,16.84,15.97,110.08,92.69,27.99,23.58,18.94,797.67,50.79,70.52,224.43,168.31,14.92,36.54,279.57,21.53,194.33,41.27,52.08,1154.29,42.77,64.64,219.73,177.1,18.39,24.81,225.18,21.11,183.96,35.02,30.69,1043.41,29.66,42.87,168.91,170.94,16.52,36.89,202.02,89.6,69.88,35.73,20.04,883.06,35.48,50.14,195.55,187.3,18.37,29.96,260.37,90.81,96.93,38.64,32.4,1035.95
2022Q2,28.92,41.01,218.18,180.22,18.57,23.5,198.74,35.12,157.01,33.55,22.46,957.27,32.21,48.01,163.98,189.56,17.67,17.53,145.34,91.9,22.15,18.92,25.48,772.74,33.6,66.05,205.38,204.54,18.09,22.96,182.81,103.62,42.23,28.99,21.18,929.45,37.9,68.28,197.96,200.95,20.36,27.81,219.05,75.79,126.22,29.45,38.45,1042.22,32.3,49.73,232.32,245.94,20.17,29.27,254.83,99.57,125.16,45.17,32.82,1167.29,35.98,66.89,252.89,275.81,17.58,30.2,253.63,31.23,206.44,48.61,41.92,1261.17,36.19,55.4,213.52,187.22,17.99,30.23,237.17,67.56,126.41,36.29,30.98,1038.97,41.24,42.41,212.99,156.46,17.89,30.65,231.24,26.36,166.21,28.91,24.28,978.63,38.93,56.28,241.84,184.01,11.16,50.83,393.36,18.81,192.89,47.52,33.48,1269.12,29.84,55.78,213.77,204.06,18.6,25.98,161.16,116.15,61.22,31.58,23.42,941.55,35.64,52.46,182.52,194.44,18.45,27.68,172.07,58.7,129.12,31.11,24.01,926.21,38.74,73.34,236.54,229.8,12.48,26.84,198.39,27.89,186.28,31.49,45.16,1106.96,32.87,53.8,183.6,170.76,18.87,26.6,186.58,112.58,48.2,29.93,24.66,888.44,53.06,72.9,241.75,143.47,10.53,48.4,213.89,24.64,195.98,32.91,39.57,1077.1,27.72,55.49,213.16,175.0,18.34,23.33,175.18,111.71,50.51,30.0,23.38,903.82,22.86,44.95,223.6,166.46,17.85,27.55,146.03,115.13,44.02,31.23,19.24,858.91,32.57,49.27,190.68,206.37,19.31,25.97,203.47,117.84,51.91,33.54,19.73,950.66,33.73,62.58,241.19,197.03,19.07,26.51,190.54,90.27,104.65,39.6,26.97,1032.16,30.01,49.34,246.15,221.26,20.6,26.15,208.87,108.12,90.78,31.73,27.99,1061.0,28.73,40.97,171.08,183.09,22.14,30.61,230.64,123.01,46.5,31.98,17.73,926.47,29.37,47.4,203.45,197.1,17.15,22.94,179.19,101.31,59.37,35.91,25.75,918.94,56.44,88.54,217.16,201.1,22.06,38.79,293.31,25.9,215.36,60.71,53.43,1272.8,26.7,61.87,205.39,175.03,19.72,17.45,126.54,104.54,26.59,21.91,16.62,802.36,42.75,61.28,289.76,166.34,13.29,32.53,263.89,20.49,177.88,38.48,40.29,1146.98,36.97,59.0,198.92,169.13,17.05,24.18,213.58,19.05,176.89,34.21,26.8,975.78,23.34,42.77,161.36,175.24,17.33,37.76,224.97,97.35,69.05,33.98,17.29,900.44,34.69,48.67,187.39,171.63,19.15,30.63,264.24,93.52,96.56,37.51,30.37,1014.37
2022Q3,32.49,43.06,229.85,198.98,16.82,19.78,186.52,36.18,158.54,34.05,23.85,980.11,36.79,55.94,144.51,201.95,14.37,14.13,132.39,87.39,22.01,17.59,31.16,758.23,36.71,74.47,195.8,216.05,17.17,16.67,172.33,106.96,44.74,28.4,23.16,932.46,44.38,70.42,215.77,211.17,18.93,23.76,217.58,84.49,139.65,32.14,38.85,1097.14,37.1,53.08,244.12,264.74,17.91,24.28,238.57,96.61,128.99,45.5,33.98,1184.89,41.33,67.28,263.2,302.22,15.88,25.79,242.17,30.18,210.6,47.96,44.72,1291.33,38.61,59.73,212.88,197.67,16.31,25.43,223.19,69.76,133.22,37.55,32.54,1046.9,46.96,53.52,203.34,166.36,15.69,25.04,217.74,28.01,173.5,30.19,23.88,984.22,41.98,66.76,232.41,194.84,10.29,41.13,355.56,19.65,206.11,51.29,34.1,1254.12,35.85,60.57,222.04,198.5,15.56,20.86,146.76,115.75,65.7,32.84,24.68,939.1,27.54,56.7,187.15,207.49,16.88,22.94,165.26,62.74,129.6,31.63,23.87,931.79,41.59,92.59,240.03,236.18,11.21,20.49,176.16,26.49,203.09,32.57,47.35,1127.76,33.91,59.12,195.64,174.61,16.19,21.98,173.55,111.62,50.54,27.69,25.91,890.75,56.64,93.8,244.5,211.38,10.1,43.87,211.3,24.03,220.72,36.83,44.19,1197.36,32.19,58.42,221.85,159.57,14.82,20.42,154.64,108.72,54.99,30.79,23.16,879.56,30.43,50.31,231.13,161.28,13.92,23.96,127.59,113.23,49.84,29.13,19.93,850.75,38.23,53.28,183.81,205.47,17.64,19.77,185.43,118.69,56.66,32.84,20.94,932.74,38.08,64.41,205.72,209.21,18.79,20.85,177.63,91.92,114.4,40.32,26.94,1008.25,33.64,50.3,243.46,220.61,18.72,22.39,198.43,111.21,97.02,33.05,28.56,1057.39,30.94,55.55,173.89,168.97,19.58,26.1,213.71,122.18,48.75,32.09,18.76,910.53,35.26,50.09,198.62,214.85,16.15,18.23,174.86,105.13,60.59,37.8,24.97,936.55,59.52,98.18,222.8,210.15,17.67,35.83,249.36,27.29,217.12,55.97,56.51,1250.41,23.82,67.63,214.38,176.92,17.87,14.69,123.9,108.73,26.51,23.26,17.7,815.4,46.91,62.25,251.11,164.74,12.51,27.65,252.91,23.14,191.14,42.82,45.5,1120.69,39.56,64.0,207.24,172.77,14.87,19.48,199.18,21.2,178.73,32.31,26.68,976.01,28.7,45.94,162.21,167.75,15.19,32.09,204.16,97.43,74.79,34.9,18.41,881.58,30.2,50.45,185.45,188.35,17.8,26.28,251.11,95.71,101.4,39.88,32.43,1019.06
2022Q4,39.49,42.37,240.56,219.87,20.53,21.92,221.54,39.93,168.39,38.76,23.71,1077.07,34.79,49.31,144.84,190.28,18.25,15.3,150.79,97.88,28.01,21.75,24.98,776.18,38.81,68.8,191.71,209.17,19.64,19.39,198.56,114.64,50.97,30.46,22.28,964.44,52.71,76.63,226.05,247.46,22.13,27.32,245.12,94.49,148.2,35.95,39.47,1215.54,44.07,54.35,263.26,290.72,22.82,26.99,292.41,110.23,138.6,51.02,34.37,1328.82,51.54,77.16,282.39,340.1,20.28,28.48,295.08,35.51,226.57,56.65,42.93,1456.68,45.02,60.23,230.77,222.43,19.4,29.58,261.33,76.72,138.74,42.46,33.45,1160.14,55.49,50.68,216.56,204.94,19.13,29.02,253.3,29.43,174.3,33.72,25.25,1091.81,52.74,64.68,257.95,223.34,12.65,58.55,431.19,22.05,213.58,56.22,36.48,1429.44,42.17,62.52,218.07,235.55,18.84,23.47,164.54,123.16,68.45,37.02,24.08,1017.86,38.45,53.22,249.95,201.83,19.65,25.17,196.79,66.69,134.08,35.93,25.46,1047.22,48.99,80.42,267.61,267.42,14.22,24.94,210.98,28.97,194.02,38.43,51.51,1227.51,43.55,62.46,223.14,181.78,19.52,23.06,201.17,123.02,55.05,33.07,26.51,992.34,69.46,93.91,275.23,216.47,11.58,49.96,248.98,28.83,217.5,44.49,47.55,1303.95,39.48,57.73,246.54,174.18,17.92,21.93,186.3,127.24,55.81,31.12,21.97,980.22,39.78,48.29,251.89,170.16,16.4,24.58,156.03,120.71,49.99,31.25,18.64,927.73,39.16,51.63,192.3,209.29,20.81,22.56,213.99,129.24,59.06,35.74,20.52,994.31,43.27,67.23,236.65,242.05,21.71,23.26,204.87,103.94,120.65,46.92,30.02,1140.58,39.36,53.13,255.32,245.52,21.81,24.44,226.19,122.71,105.55,36.66,30.99,1161.7,34.18,47.76,175.53,204.42,23.85,28.29,245.11,132.12,51.33,35.03,18.8,996.43,36.6,46.86,230.54,230.85,19.26,20.74,202.94,115.67,65.51,41.72,25.01,1035.7,76.83,97.39,234.08,217.05,21.05,44.35,302.2,28.39,227.37,66.22,59.43,1374.36,28.74,64.3,236.93,182.55,21.01,15.49,140.29,118.95,28.75,25.74,17.86,880.6,59.04,66.65,272.12,222.45,14.58,35.8,301.76,26.86,191.93,48.72,48.01,1287.93,46.06,56.38,240.28,211.85,17.22,22.52,227.54,21.31,179.75,36.89,28.94,1088.75,37.23,43.27,156.2,184.01,18.85,33.71,248.72,109.42,79.24,38.47,14.92,964.04,28.32,50.86,201.79,205.64,20.77,28.3,289.3,103.66,107.18,44.97,32.85,1113.64
2023Q1,44.06,42.9,239.37,219.47,19.7,21.4,204.99,39.2,162.69,37.64,26.41,1057.83,42.64,52.31,176.52,191.69,18.0,15.59,148.42,99.82,26.9,22.29,24.09,818.27,43.56,74.0,212.88,225.21,19.28,19.34,187.82,110.62,51.83,32.47,23.42,1000.43,57.29,73.6,226.33,251.84,21.07,26.53,228.17,85.71,138.54,32.08,41.4,1182.56,50.96,53.43,255.93,301.97,21.25,26.51,267.71,100.97,132.08,48.96,38.23,1298.02,59.63,71.56,265.12,349.82,18.84,27.34,263.97,33.55,214.09,53.81,45.28,1403.0,55.24,60.62,221.0,225.29,18.87,28.16,244.25,72.27,136.76,40.98,35.51,1138.96,69.43,51.2,197.05,199.58,18.98,30.05,246.74,30.31,185.84,35.51,29.93,1094.61,70.56,64.32,256.21,216.13,12.08,51.76,393.58,20.59,213.32,56.43,37.54,1392.53,49.07,58.67,217.85,207.96,19.74,22.55,161.36,121.65,61.04,34.75,25.85,980.5,44.08,56.88,205.65,198.44,19.37,24.64,179.34,62.07,127.79,36.2,28.36,982.81,57.21,88.24,256.4,266.67,14.62,25.31,214.95,27.34,203.92,38.24,57.23,1250.14,50.44,62.37,232.36,196.44,20.02,23.27,195.4,121.92,55.52,34.36,28.76,1020.85,77.08,79.61,256.7,220.14,12.25,46.97,240.0,26.7,221.27,39.07,47.47,1267.26,41.9,57.61,245.33,173.12,17.88,22.16,172.7,110.48,55.03,33.1,26.26,955.55,44.88,52.82,243.56,166.91,18.3,24.79,145.98,121.87,49.45,33.78,18.84,921.18,44.2,54.99,196.08,209.74,19.56,23.21,205.09,121.58,62.66,37.69,22.6,997.41,46.53,75.89,230.48,246.56,20.5,22.64,188.43,96.53,111.57,43.13,29.46,1111.71,45.18,54.76,257.1,256.91,22.24,24.04,218.92,116.61,104.76,36.21,29.88,1166.6,43.33,51.26,177.05,193.07,23.6,26.55,237.89,128.72,54.86,35.8,20.61,992.74,41.34,52.29,228.5,229.23,18.18,19.32,188.24,106.58,64.35,41.66,28.04,1017.73,91.06,105.22,214.0,238.18,22.15,40.97,295.48,28.46,228.33,67.83,56.39,1388.06,37.49,68.95,252.69,209.81,20.7,15.38,135.49,112.0,27.65,24.38,19.49,924.02,73.49,61.83,227.39,208.95,14.19,32.35,272.12,23.8,196.46,44.08,49.49,1204.17,56.47,61.61,224.89,221.38,18.27,22.36,230.46,22.52,191.59,37.93,33.8,1121.27,40.77,46.38,165.03,173.13,17.89,33.6,226.01,97.63,79.3,40.01,23.51,943.25,46.75,52.23,190.16,214.76,19.82,26.47,266.76,97.67,99.63,41.55,34.89,1090.69
2023Q2,44.66,44.22,242.02,199.63,19.07,20.64,199.21,37.47,162.95,36.24,24.63,1030.75,40.26,47.93,163.23,202.75,16.38,14.72,144.57,94.05,29.29,21.09,25.18,799.47,44.11,68.0,212.97,221.55,18.73,18.9,181.61,108.34,52.24,31.92,22.72,981.08,58.54,74.23,223.81,224.05,21.5,22.24,231.71,88.7,138.97,32.78,39.35,1155.88,52.44,52.43,240.6,266.32,20.87,26.06,257.94,99.34,131.56,47.68,35.89,1231.12,65.57,74.85,258.12,307.22,19.14,27.46,258.97,32.33,217.58,52.82,45.31,1359.36,54.12,58.51,226.13,198.39,18.63,27.32,237.7,71.17,134.34,39.22,33.86,1099.4,65.05,43.79,216.54,168.72,17.93,28.37,227.62,28.88,168.1,30.27,24.86,1020.13,77.04,63.66,262.65,199.34,11.98,51.53,382.31,21.39,211.96,52.43,34.98,1369.28,48.05,66.65,211.37,203.07,19.24,21.17,150.48,116.73,63.78,34.85,22.92,958.31,37.31,53.6,205.94,207.16,19.23,23.48,179.81,64.07,131.49,33.55,25.08,980.73,50.73,68.74,263.3,224.96,13.77,23.34,197.73,26.32,177.62,34.95,46.65,1128.11,47.04,55.51,194.11,174.14,18.05,21.34,177.87,109.43,51.44,30.06,25.96,904.94,72.79,96.66,269.54,169.98,11.6,48.08,224.23,27.83,217.24,36.47,42.63,1217.06,41.21,51.95,213.32,160.5,16.63,21.49,162.36,111.61,53.13,30.27,22.75,885.24,41.18,51.33,230.15,170.17,17.27,22.78,134.08,111.35,44.62,28.9,18.83,870.66,41.12,52.05,196.88,200.41,19.06,20.44,194.41,118.19,57.28,34.53,21.83,956.19,44.74,67.85,197.79,237.15,20.79,21.84,180.21,99.31,113.09,44.89,31.03,1058.7,49.02,51.14,243.22,223.79,20.63,22.63,208.72,111.48,97.65,34.22,28.55,1091.06,38.58,47.8,162.77,182.07,22.01,24.73,216.12,119.94,49.09,31.36,18.57,913.03,38.26,53.92,214.9,209.76,17.61,18.77,176.82,104.71,64.11,39.54,26.3,964.72,91.95,96.89,261.8,219.15,21.61,40.09,295.02,28.74,221.96,65.88,61.66,1404.75,36.77,62.67,219.4,195.41,19.88,14.84,128.74,109.58,28.49,24.53,19.8,860.1,76.56,56.77,295.47,163.58,15.75,33.61,277.56,25.49,196.39,41.21,46.89,1229.28,56.32,58.68,226.72,173.2,17.84,21.73,218.58,21.26,177.6,35.62,30.62,1038.16,40.31,45.06,151.99,167.76,17.45,30.94,217.2,96.36,69.39,38.27,20.1,894.84,39.93,50.13,190.35,183.01,19.7,27.72,259.95,96.99,101.32,41.58,34.73,1045.4
2023Q3,44.45,43.38,235.44,213.01,17.14,19.81,188.65,39.07,161.51,36.75,25.68,1024.89,39.39,49.84,177.74,178.18,13.6,14.4,133.08,86.08,23.58,19.45,27.53,762.88,42.82,65.98,196.8,224.39,16.32,18.29,168.88,106.21,53.79,29.49,22.52,945.49,58.06,73.21,214.79,218.95,18.87,23.48,213.28,83.83,134.86,32.97,39.14,1111.42,51.51,55.24,248.37,260.56,18.6,24.4,245.53,101.11,130.51,48.56,36.46,1220.86,63.84,70.81,271.14,295.21,17.16,25.73,243.41,33.78,211.84,52.86,45.66,1331.45,54.66,59.8,223.01,203.05,16.63,26.24,222.23,71.81,134.29,39.88,34.7,1086.27,67.19,49.4,217.54,164.69,16.42,26.52,214.85,29.01,171.31,31.59,26.68,1015.2,79.16,63.73,265.22,218.99,10.85,46.9,337.87,21.6,209.14,53.93,35.32,1342.72,57.4,67.49,225.37,194.6,16.79,20.38,142.54,120.88,65.75,34.17,24.18,969.55,40.74,55.46,212.74,181.81,16.52,22.78,166.39,60.39,128.1,32.2,28.46,945.59,61.78,78.8,243.41,233.91,12.15,21.44,186.36,27.04,208.29,38.27,56.31,1167.76,47.75,59.77,207.66,181.03,16.83,21.91,176.51,114.34,54.37,30.52,28.78,939.45,76.38,89.05,254.59,189.56,10.56,46.39,212.74,28.85,224.03,39.25,43.41,1214.81,38.98,55.3,235.34,167.96,16.63,20.35,167.08,121.5,54.03,29.72,24.07,930.96,39.23,53.22,231.98,158.79,16.15,22.97,135.03,117.35,43.55,30.3,17.38,865.94,41.94,53.65,193.69,208.64,17.4,21.03,186.07,118.62,60.18,34.14,21.91,957.28,47.11,71.48,210.72,209.91,18.53,20.84,173.15,104.15,113.34,41.45,29.11,1039.79,46.84,54.05,248.23,223.0,19.05,22.44,202.9,114.17,108.49,34.17,29.59,1102.94,41.48,54.17,176.3,198.82,20.72,25.21,214.1,122.26,49.06,34.83,20.4,957.36,40.31,53.08,219.76,226.84,16.25,18.08,170.74,104.63,66.36,39.01,29.21,984.27,88.02,101.82,235.25,209.5,18.1,35.53,255.68,28.64,218.74,62.67,58.03,1311.97,32.72,62.47,230.85,206.6,16.94,14.82,121.22,107.69,26.54,23.86,20.88,864.6,76.58,60.37,269.84,176.09,13.28,30.73,249.69,27.4,192.34,45.17,47.29,1188.78,54.13,60.14,205.49,184.57,15.02,20.07,196.28,22.12,177.01,34.33,32.98,1002.13,34.52,46.27,172.23,171.35,15.56,30.86,207.9,96.71,76.72,37.59,20.3,910.01,42.26,50.86,194.72,189.5,17.9,26.73,250.81,98.77,102.01,42.74,35.84,1052.14
2023Q4,47.3,43.1,263.44,226.8,20.51,22.68,218.27,41.6,171.28,39.9,25.84,1120.7,41.24,48.39,185.01,213.39,16.51,18.08,150.14,98.52,29.23,19.96,25.78,846.24,46.22,69.31,220.89,224.13,19.02,19.79,200.06,115.75,54.01,31.61,24.2,1024.99,64.28,72.1,236.02,234.68,21.88,32.45,246.16,94.6,153.56,36.81,38.3,1230.83,56.29,55.06,265.33,270.33,22.74,28.69,285.49,109.9,138.59,54.12,40.86,1327.39,68.38,69.28,268.39,325.3,20.64,29.18,281.24,35.28,223.79,58.18,43.46,1423.13,60.85,60.54,237.92,218.04,19.54,30.28,257.55,78.15,143.27,44.4,35.5,1186.03,69.6,45.54,216.52,171.16,19.37,30.13,249.55,32.21,183.14,35.89,27.16,1080.26,83.84,66.74,278.83,223.6,12.73,54.66,404.79,23.29,218.14,61.11,38.3,1466.03,54.59,65.51,241.6,278.48,19.33,25.61,157.21,125.07,69.17,36.25,24.21,1097.04,42.77,55.29,232.56,226.57,21.14,25.9,204.61,68.24,142.39,36.45,26.69,1082.61,62.05,91.8,267.97,275.84,13.65,24.4,205.66,28.27,223.7,41.87,52.68,1287.88,50.58,60.78,226.51,173.32,18.97,24.12,196.59,121.75,57.0,32.24,27.43,989.29,81.36,86.13,262.28,186.91,12.2,46.44,240.91,28.81,233.3,44.78,44.12,1267.24,42.17,54.48,235.38,160.59,17.92,22.67,181.01,130.86,57.14,30.01,20.43,952.66,43.08,53.31,232.74,160.78,17.44,25.77,162.13,121.34,47.3,31.42,16.31,911.63,45.48,52.77,205.66,215.09,20.02,22.68,211.42,128.43,63.32,37.28,22.82,1024.98,50.72,68.54,255.53,229.88,21.73,24.05,200.73,109.34,121.52,47.09,31.85,1160.98,49.81,52.55,267.06,237.91,22.13,25.27,226.77,128.24,103.95,37.45,30.48,1181.63,40.53,52.42,184.5,202.28,23.65,28.43,244.09,132.15,51.99,34.99,20.76,1015.79,46.68,54.1,229.07,228.56,19.21,20.51,195.5,116.3,68.58,46.0,26.88,1051.39,102.57,106.58,243.7,228.68,21.12,41.52,308.51,29.78,238.18,72.51,63.75,1456.91,31.55,64.24,261.24,193.93,19.56,16.63,142.48,121.25,26.69,28.09,20.69,926.35,84.44,66.48,281.87,204.13,15.33,34.57,290.07,27.37,203.98,50.91,49.66,1308.82,55.99,62.94,224.55,196.4,17.25,23.36,226.69,22.61,187.92,39.21,31.96,1088.88,41.54,45.37,161.09,157.66,19.4,31.58,243.47,106.12,79.72,40.17,18.85,944.98,54.83,51.35,208.37,213.42,21.39,29.95,290.02,108.0,107.79,47.31,37.67,1170.1
2024Q1,47.25,43.04,209.84,213.7,19.56,22.33,207.49,39.91,167.51,38.98,27.75,1037.36,39.0,54.94,182.43,187.83,16.1,18.22,144.98,97.08,31.75,23.24,29.99,825.58,45.64,71.47,201.84,203.93,19.89,20.51,183.63,111.91,57.76,32.88,26.1,975.57,63.16,74.3,222.41,224.69,20.73,29.06,233.36,87.94,145.62,34.02,40.22,1175.5,57.95,56.36,272.72,288.75,21.66,27.62,266.87,100.97,139.37,50.13,43.37,1325.78,74.04,69.54,266.83,285.67,19.74,29.5,264.72,33.29,219.85,54.91,46.18,1364.26,62.04,62.14,223.84,214.74,19.12,30.4,249.69,74.31,142.59,42.89,37.23,1159.0,76.0,52.23,180.89,185.22,19.55,31.16,252.49,31.84,190.42,37.04,27.78,1084.62,90.21,65.81,268.92,215.04,12.44,55.93,399.46,23.26,216.6,61.37,37.4,1446.46,53.72,70.81,225.2,215.49,20.17,24.01,157.61,123.95,73.36,36.46,27.48,1028.25,40.41,56.61,193.14,191.77,18.98,25.73,182.05,63.18,136.65,35.88,28.68,973.09,75.82,91.82,268.42,291.29,13.9,28.7,215.67,28.66,216.3,42.05,59.68,1332.3,49.67,61.84,213.43,180.49,19.79,25.13,200.18,122.2,59.01,33.09,29.17,994.0,83.4,94.31,305.36,258.95,12.91,54.88,251.27,26.3,233.05,42.18,49.0,1411.63,39.4,59.07,193.1,169.44,17.86,23.55,171.46,113.23,62.26,31.63,21.02,902.03,42.0,57.18,230.22,154.7,17.7,26.06,146.23,124.88,51.84,33.34,20.0,904.14,45.15,56.44,173.23,196.37,20.1,23.33,206.3,123.77,65.29,36.7,25.93,972.63,45.34,77.4,228.85,262.05,21.08,24.18,197.14,107.4,123.11,41.79,30.87,1159.2,49.83,56.57,254.26,242.73,22.04,25.9,223.54,124.9,112.32,36.82,33.88,1182.79,42.12,55.09,189.36,203.89,23.77,28.58,239.45,126.75,53.52,36.49,22.04,1021.06,43.25,54.51,228.26,224.53,18.35,20.06,186.62,107.02,68.57,41.5,29.17,1021.83,105.91,108.16,197.44,231.32,21.54,39.13,303.59,31.67,237.46,72.73,67.12,1416.07,30.69,74.3,228.92,182.37,20.49,18.27,138.11,113.95,32.91,26.91,22.05,888.96,87.28,64.29,257.35,218.41,15.77,36.68,288.48,26.72,200.36,48.24,48.6,1292.18,61.92,70.22,253.81,202.63,17.87,23.45,229.19,23.29,193.46,39.93,34.03,1149.8,44.91,50.69,137.14,158.53,18.19,39.14,231.6,101.43,79.12,40.54,19.79,921.08,54.73,51.18,212.25,200.07,20.32,29.54,274.58,100.47,108.12,44.38,39.66,1135.31
2024Q2,45.68,43.72,293.39,217.88,20.1,23.04,210.85,39.6,167.47,37.64,28.46,1127.84,38.39,58.46,190.95,195.11,15.71,17.25,141.85,87.08,32.91,22.52,25.13,825.35,42.49,71.55,216.25,222.02,19.46,21.77,191.41,116.88,51.19,29.67,26.32,1009.0,60.2,77.15,211.89,219.27,21.38,27.8,239.93,87.49,140.62,32.9,40.47,1159.09,54.96,55.74,256.89,280.46,22.18,28.59,271.2,102.4,138.1,50.47,40.43,1301.43,70.12,75.37,277.57,317.58,19.96,30.63,266.8,33.96,225.25,53.5,46.55,1417.29,59.48,60.97,242.42,211.49,19.36,31.41,251.71,74.45,141.11,41.57,37.71,1171.68,68.7,45.27,256.25,182.18,18.73,31.98,245.78,31.54,178.57,34.76,28.6,1122.36,86.6,64.19,262.47,213.83,12.29,58.44,384.97,22.73,222.07,60.59,38.49,1426.69,52.81,66.49,252.28,217.11,21.06,25.14,159.57,124.48,75.78,36.34,22.86,1053.92,40.45,56.75,219.77,189.49,20.77,27.31,192.5,65.4,141.18,34.49,27.48,1015.59,69.99,96.47,280.17,264.44,14.22,28.53,208.82,27.22,222.63,37.83,57.21,1307.54,47.23,61.11,244.55,189.7,20.02,25.31,199.79,119.29,59.42,31.64,28.64,1026.7,77.63,87.97,278.54,167.05,12.05,55.26,236.32,25.57,232.9,41.68,47.4,1262.38,38.65,56.48,177.11,170.7,18.79,24.03,178.56,124.35,57.78,30.88,21.03,898.37,38.4,50.34,253.59,176.33,18.37,25.35,148.47,117.97,51.85,31.94,17.37,929.97,44.41,54.83,211.45,228.2,20.34,23.67,210.7,126.22,61.12,34.54,24.74,1040.22,45.22,69.51,237.34,219.67,21.19,24.12,196.63,107.52,118.72,41.86,31.59,1113.38,48.1,54.71,259.81,230.68,22.29,25.59,224.99,123.65,104.32,35.22,32.59,1161.96,35.86,49.79,185.25,195.47,23.36,29.63,237.94,125.07,49.86,34.4,22.51,989.15,45.88,53.53,232.32,216.72,18.02,20.58,185.65,108.29,69.38,40.61,28.81,1019.79,107.78,104.08,310.37,246.82,22.25,45.94,320.74,31.81,232.23,72.91,65.44,1560.36,28.22,66.6,256.59,186.25,19.7,18.52,137.83,109.88,34.31,26.48,20.97,905.34,83.38,60.26,303.34,200.75,15.35,39.33,291.69,26.47,204.19,47.53,51.03,1323.32,58.1,64.71,227.24,183.38,18.15,25.14,231.53,22.7,190.17,38.8,34.67,1094.59,43.62,46.0,155.11,169.2,18.45,35.65,230.78,99.47,76.64,39.01,19.78,933.72,52.08,51.79,201.75,195.74,20.74,30.88,277.54,101.71,106.51,42.35,42.28,1123.35
2024Q3,46.96,45.02,263.98,224.73,18.22,21.7,197.49,39.06,167.19,37.37,30.14,1091.86,44.39,57.05,205.5,192.58,16.03,16.87,139.35,98.56,32.13,21.26,29.86,853.58,48.22,75.27,219.35,230.95,18.12,19.84,180.67,121.46,54.12,30.82,28.29,1027.11,61.51,77.47,227.77,224.0,19.6,28.09,226.47,83.65,138.9,33.78,41.85,1163.09,56.26,56.29,239.91,283.07,19.94,26.66,255.68,97.64,135.77,48.69,46.37,1266.27,71.81,73.61,261.82,330.18,18.14,28.04,250.17,29.92,215.79,53.9,47.07,1380.46,60.33,62.3,232.85,215.79,17.4,28.63,233.21,72.14,137.87,40.93,38.59,1140.03,70.9,49.69,222.96,175.68,15.87,28.42,224.63,28.85,178.8,34.42,27.99,1058.22,83.26,65.05,240.31,213.8,10.56,48.45,342.34,21.56,209.89,56.23,37.44,1328.9,53.04,67.19,241.23,248.92,17.87,22.92,143.32,116.71,71.83,33.97,28.19,1045.18,43.7,57.58,204.02,227.01,18.48,25.45,178.15,61.87,137.81,32.35,26.86,1013.27,67.7,85.41,238.07,240.66,11.86,24.52,195.32,27.39,211.26,38.67,56.71,1197.57,48.41,61.66,229.77,186.17,17.75,23.94,185.42,115.42,57.17,31.08,29.66,986.45,78.92,92.07,271.8,208.81,10.69,47.27,214.45,23.73,228.18,40.35,49.93,1266.19,40.5,57.85,207.74,182.68,16.78,21.44,162.78,117.09,59.11,29.0,21.9,916.87,41.17,56.8,242.4,168.03,16.66,24.82,133.94,116.12,48.78,30.48,18.45,897.65,48.78,55.61,224.87,208.58,18.26,22.47,197.55,122.6,60.62,35.36,25.8,1020.49,49.87,72.16,214.45,229.95,19.25,24.64,189.78,104.75,117.44,41.77,34.05,1098.11,52.18,56.82,258.64,246.22,20.12,24.4,214.61,121.27,103.2,34.76,35.44,1167.65,41.15,51.9,184.11,201.62,21.01,27.5,224.28,122.73,56.06,34.04,23.06,987.45,49.29,55.08,233.02,218.46,16.76,19.5,178.13,106.56,67.1,39.82,29.41,1013.15,100.66,106.06,248.44,224.25,18.41,37.11,270.44,28.99,219.71,65.61,63.51,1383.21,34.09,56.23,233.92,195.79,17.46,17.32,134.98,109.48,37.63,26.44,21.28,884.62,80.56,64.57,272.02,189.84,13.88,32.84,261.21,26.18,198.48,47.6,51.19,1238.37,57.96,65.67,215.35,205.58,15.09,20.93,203.48,21.82,186.21,35.99,34.05,1062.13,46.44,47.85,228.34,204.03,16.78,33.77,216.83,97.75,77.08,37.79,19.26,1025.92,53.42,52.67,202.67,208.71,19.25,29.72,266.79,99.31,103.95,43.02,43.41,1122.92
2024Q4,51.76,44.99,262.05,222.6,21.5,24.27,230.63,43.29,177.08,40.91,31.06,1150.15,45.67,63.57,183.13,222.08,17.21,17.4,169.33,108.23,32.45,23.41,33.92,916.39,50.67,75.29,219.76,239.32,20.47,22.43,215.86,127.15,56.64,34.24,28.72,1090.54,69.09,76.62,248.91,255.59,23.66,30.46,264.9,99.91,157.81,38.15,41.53,1306.62,64.86,58.84,291.13,284.42,23.79,30.32,296.54,107.95,148.84,54.81,43.54,1405.06,90.07,72.71,278.81,317.36,22.16,32.7,297.11,34.96,233.61,60.18,48.27,1487.94,68.39,63.12,245.46,226.43,20.64,32.93,273.83,80.76,152.09,46.16,39.99,1249.79,76.72,51.4,221.68,181.54,20.32,32.84,268.08,34.54,198.78,38.71,29.68,1154.31,98.62,68.86,293.05,233.17,13.62,63.35,428.27,25.94,241.61,67.35,39.85,1573.68,55.39,67.99,239.09,221.63,20.25,24.11,169.15,126.17,72.11,38.52,26.0,1060.4,46.73,57.12,247.99,205.63,20.67,28.31,218.0,67.26,147.48,36.48,27.83,1103.5,71.87,95.3,265.62,281.35,15.02,29.79,235.97,28.55,219.77,45.27,59.08,1347.61,52.41,62.28,215.03,180.45,20.11,25.72,209.15,126.02,60.61,32.91,30.44,1015.13,85.98,92.03,280.88,234.77,13.1,53.84,255.35,25.98,248.68,48.72,51.21,1390.55,46.63,55.13,285.95,181.28,18.11,23.96,188.88,125.74,66.94,31.31,21.69,1045.61,42.43,55.72,262.69,168.96,17.45,26.83,164.91,124.01,54.13,30.48,16.81,964.42,52.67,54.6,195.58,223.05,21.19,24.2,227.3,132.67,63.37,38.92,26.46,1059.99,54.89,72.88,234.52,259.86,22.15,26.01,217.47,113.82,126.64,48.13,32.68,1209.04,55.06,57.09,273.06,245.73,23.49,26.59,241.05,136.91,112.88,37.97,35.18,1245.01,41.92,52.8,192.95,195.27,24.52,30.04,261.48,135.29,59.69,36.23,24.38,1054.56,50.62,54.39,256.52,234.57,20.03,21.54,211.07,119.97,74.04,44.84,31.45,1119.03,116.41,104.19,255.71,237.88,22.67,46.51,326.31,32.47,247.89,77.57,67.38,1534.99,37.23,72.48,274.21,190.24,20.54,20.04,148.61,121.93,35.03,27.14,22.27,969.71,96.77,68.55,299.0,219.3,16.9,40.22,314.06,29.4,223.82,55.52,57.29,1420.82,62.6,68.27,245.64,223.39,18.08,24.97,245.06,25.59,203.8,40.97,36.37,1194.73,46.82,49.43,169.26,178.31,19.34,36.59,246.63,109.21,81.35,41.67,20.6,999.2,62.99,52.87,208.07,213.07,22.25,33.25,303.22,109.65,113.63,47.27,44.42,1210.71
2025Q1,54.19,46.78,227.88,208.8,20.01,23.62,211.93,41.1,171.29,41.07,33.6,1080.28,53.52,63.08,148.84,187.1,17.04,17.82,155.76,109.66,31.22,26.47,33.06,843.55,49.07,77.82,185.85,240.08,20.22,21.72,206.65,125.06,59.06,32.87,29.98,1048.38,68.6,75.55,239.74,240.86,21.66,29.38,246.67,89.84,146.83,35.51,42.88,1237.52,62.53,56.82,299.81,291.22,22.46,28.44,276.86,98.76,142.24,51.21,48.29,1378.64,77.7,77.3,298.0,318.99,20.18,30.45,272.46,30.71,223.86,54.35,50.35,1454.35,68.81,62.79,228.59,218.77,19.61,31.31,257.35,75.74,144.54,43.96,40.84,1192.31,80.57,54.16,225.92,188.88,18.82,32.44,262.34,32.55,189.75,36.09,30.24,1151.75,97.83,61.25,278.54,207.49,12.09,56.94,399.66,24.17,220.66,62.38,36.42,1457.43,55.39,65.81,233.15,212.73,19.78,24.67,168.65,121.87,77.1,37.85,27.11,1044.11,49.18,57.69,214.29,222.73,20.39,26.54,193.94,65.43,136.71,34.89,28.66,1050.47,75.4,84.8,260.22,257.49,15.7,28.02,228.59,26.96,227.65,41.43,58.09,1304.34,53.56,65.32,243.43,200.26,20.26,25.48,203.89,122.31,65.42,34.07,34.03,1068.04,89.0,89.06,263.32,223.41,13.04,52.62,251.05,24.95,237.35,41.03,50.86,1335.69,45.91,60.81,291.09,173.23,18.29,23.01,172.99,116.73,66.74,31.75,26.3,1026.85,43.9,60.17,254.02,186.76,17.78,26.2,153.42,119.09,51.94,32.25,21.01,966.54,52.51,57.58,178.56,221.64,20.91,24.84,222.82,128.37,65.32,37.6,29.54,1039.69,54.88,72.71,162.06,222.42,21.89,25.76,208.71,116.25,118.06,44.96,34.78,1082.49,57.1,57.84,276.43,236.59,22.35,27.0,233.91,128.42,112.27,37.72,35.52,1225.15,47.67,55.25,187.08,215.67,24.65,30.24,248.57,131.74,59.01,37.7,26.74,1064.32,50.42,54.6,224.87,233.59,19.29,20.98,199.16,110.79,71.22,43.15,32.49,1060.55,123.99,111.53,181.86,229.46,21.65,43.77,305.63,32.71,240.6,74.81,70.49,1436.49,37.37,74.61,267.62,210.56,17.47,18.93,129.6,97.81,37.39,26.7,25.18,943.25,92.89,59.13,276.92,191.29,16.17,36.05,290.68,26.88,201.4,48.78,44.7,1284.91,64.61,67.52,230.53,194.76,18.0,24.04,231.6,24.94,192.62,40.13,35.68,1124.44,49.58,50.43,176.59,168.93,19.4,36.87,237.78,102.52,85.57,40.31,20.65,988.65,63.36,53.96,181.84,211.93,20.94,31.21,282.85,102.51,108.27,46.28,49.92,1153.07
